SummitName,Latitude,Longitude,Reference,Points,OSM_Node_ID
Cleeve Hill,51.9199,-2.0059,G/CE-001,1,6697476575.0
Walton Hill,52.41621,-2.08582,G/CE-002,1,926404083.0
Bredon Hill,52.06073,-2.06324,G/CE-003,1,300924099.0
Bardon Hill,52.71442,-1.31928,G/CE-004,1,1651815079.0
Wendover Woods,51.77242,-0.71117,G/CE-005,1,1430010075.0
High Willhays,50.6852,-4.01116,G/DC-001,4,325680713.0
Brown Willy,50.59059,-4.60274,G/DC-002,1,762003017.0
Kit Hill,50.51919,-4.29387,G/DC-003,1,1025328847.0
Christ Cross,50.83723,-3.47248,G/DC-005,1,11297971392.0
Carnmenellis,50.18306,-5.22932,G/DC-006,1,7895334432.0
Watch Croft,50.16503,-5.61347,G/DC-007,1,643879427.0
Hensbarrow Downs,50.38308,-4.81278,G/DC-008,1,11298069714.0
Scafell Pike,54.45426,-3.21168,G/LD-001,10,29877965.0
Helvellyn,54.527,-3.01751,G/LD-003,10,29730755.0
Skiddaw,54.65139,-3.14776,G/LD-004,10,321811440.0
Great Gable,54.48208,-3.2193,G/LD-005,8,29958559.0
Pillar,54.49748,-3.28113,G/LD-006,8,29961844.0
Fairfield,54.49705,-2.99165,G/LD-007,8,53942083.0
Blencathra - Hallsfell Top,54.63995,-3.04979,G/LD-008,8,5649488237.0
Grasmoor,54.57164,-3.27791,G/LD-009,8,29953931.0
St Sunday Crag,54.51194,-2.97584,G/LD-010,8,29730751.0
High Street,54.49169,-2.86486,G/LD-011,8,560046175.0
High Stile,54.52184,-3.2837,G/LD-012,8,11831393362.0
The Old Man of Coniston,54.37066,-3.12145,G/LD-013,8,5378256988.0
Kirk Fell,54.48332,-3.24412,G/LD-014,8,4891950620.0
Grisedale Pike,54.59175,-3.24207,G/LD-015,6,29953928.0
Red Screes,54.47058,-2.93257,G/LD-017,6,29728741.0
Stony Cove Pike,54.48206,-2.90008,G/LD-018,6,1788886481.0
High Raise,54.47596,-3.11127,G/LD-019,6,29766670.0
Dale Head,54.52724,-3.20228,G/LD-020,6,3100546652.0
Robinson,54.54081,-3.23508,G/LD-021,6,29954134.0
Seat Sandal,54.49486,-3.01403,G/LD-022,6,29728749.0
Knott,54.68698,-3.09332,G/LD-023,6,29953213.0
Pike of Blisco,54.42811,-3.12493,G/LD-024,6,29877463.0
Seatallan,54.46407,-3.32827,G/LD-025,4,5026160162.0
Tarn Crag (Sleddale),54.46346,-2.79066,G/LD-026,4,29764877.0
Place Fell,54.54427,-2.92073,G/LD-027,4,560045782.0
Harter Fell (Eskdale),54.38692,-3.20452,G/LD-028,4,29877478.0
Illgill Head,54.43293,-3.28263,G/LD-029,4,29877962.0
Black Combe,54.25776,-3.32857,G/LD-030,4,48394298.0
Blake Fell,54.56457,-3.3772,G/LD-031,2,4843793523.0
Whitfell,54.32547,-3.2949,G/LD-032,2,1207411326.0
Lord's Seat,54.62782,-3.23398,G/LD-033,2,8407752064.0
Hard Knott,54.41103,-3.18503,G/LD-034,2,29877472.0
Great Mell Fell,54.61985,-2.93564,G/LD-035,2,7168689663.0
Mellbreak,54.55558,-3.31826,G/LD-036,2,29958541.0
Little Mell Fell,54.60802,-2.89447,G/LD-037,2,4997369059.0
Grayrigg Forest,54.39211,-2.61958,G/LD-038,1,560046468.0
Lingmoor Fell,54.43207,-3.07641,G/LD-040,1,29877459.0
Binsey,54.7088,-3.20419,G/LD-041,1,9337550076.0
Low Fell,54.59136,-3.33661,G/LD-042,1,29958534.0
Hallin Fell,54.57041,-2.8785,G/LD-043,1,560045811.0
High Rigg,54.58843,-3.07157,G/LD-044,1,
Dent,54.50233,-3.48165,G/LD-045,1,3484890828.0
Lambrigg Fell,54.34149,-2.63702,G/LD-046,1,2137731691.0
Loughrigg Fell,54.43745,-3.00836,G/LD-047,1,1779620834.0
Top o'Selside,54.31808,-3.06385,G/LD-048,1,11298131241.0
Kirkby Moor,54.24558,-3.13726,G/LD-049,1,7342917895.0
Gummer's How,54.28836,-2.93791,G/LD-050,1,10266953034.0
Holme Fell,54.3963,-3.05653,G/LD-051,1,29876663.0
Hutton Roof Crags,54.19141,-2.68044,G/LD-052,1,
Claife Heights,54.36786,-2.95265,G/LD-053,1,5785216870.0
Watch Hill,54.67445,-3.30415,G/LD-054,1,11298159666.0
Whitbarrow - Lord's Seat,54.276,-2.85883,G/LD-056,1,434309611.0
Swinside,54.59153,-3.17248,G/LD-057,1,4872184186.0
Arnside Knott,54.19019,-2.83503,G/LD-058,1,31390029.0
Muncaster Fell,54.37582,-3.36314,G/LD-059,1,11297436771.0
Cross Fell,54.70309,-2.48694,G/NP-001,8,9384058418.0
Mickle Fell,54.6157,-2.30188,G/NP-002,6,426617816.0
Burnhope Seat,54.73258,-2.33626,G/NP-003,6,
Whernside,54.22895,-2.40201,G/NP-004,6,
Ingleborough,54.16643,-2.39782,G/NP-005,6,249351568.0
Great Shunner Fell,54.37089,-2.23452,G/NP-006,6,477367984.0
Wild Boar Fell,54.3841,-2.37411,G/NP-007,6,29535848.0
Great Whernside,54.16105,-1.99836,G/NP-008,6,321052886.0
Buckden Pike,54.20486,-2.0616,G/NP-009,6,410142569.0
Pen-y-ghent,54.15601,-2.24874,G/NP-010,4,312154686.0
Great Coum,54.24707,-2.46056,G/NP-011,4,
Baugh Fell - Tarn Rigg Hill,54.31974,-2.39985,G/NP-012,4,29533300.0
The Calf,54.36784,-2.51335,G/NP-013,4,9439548715.0
Rogan's Seat,54.42294,-2.12591,G/NP-014,4,479135860.0
Great Knoutberry Hill,54.27965,-2.32609,G/NP-015,4,29532668.0
Dodd Fell Hill,54.25668,-2.24557,G/NP-016,4,
Fountains Fell,54.13993,-2.20941,G/NP-017,4,3065800404.0
Nine Standards Rigg,54.4499,-2.27036,G/NP-018,4,1270106124.0
Yarlside,54.38132,-2.48544,G/NP-019,4,8959265086.0
Cold Fell,54.89391,-2.61625,G/NP-020,4,9516211445.0
Calf Top,54.26518,-2.51661,G/NP-022,4,31361606.0
Aye Gill Pike,54.29238,-2.43063,G/NP-023,2,434373260.0
Hoove,54.45761,-1.99872,G/NP-024,2,
Kisdon,54.39405,-2.15689,G/NP-026,1,478869206.0
Dufton Pike,54.6339,-2.46647,G/NP-027,1,426584590.0
Rombalds Moor,53.90307,-1.82694,G/NP-028,1,29457183.0
Sharp Haw,53.99347,-2.06333,G/NP-029,1,289583508.0
Birks Fell,54.18296,-2.12594,G/NP-031,4,410145173.0
Cracoe Fell,54.02553,-2.012,G/NP-032,2,410131453.0
The Cheviot,55.47847,-2.14544,G/SB-001,8,316697182.0
Peel Fell,55.2902,-2.5906,G/SB-004,4,319579246.0
Sighty Crag,55.12109,-2.62663,G/SB-005,2,2643941948.0
Shillhope Law,55.38092,-2.20182,G/SB-006,2,471580381.0
Tosson Hill,55.27836,-1.99395,G/SB-007,1,360252066.0
Long Crag,55.35664,-1.90369,G/SB-008,1,
Ros Castle,55.52158,-1.87321,G/SB-009,1,525280314.0
Housedon Hill,55.58796,-2.15675,G/SB-010,1,
Dunkery Beacon,51.16279,-3.58673,G/SC-001,2,431363823.0
Wills Neck,51.10958,-3.19371,G/SC-002,1,322900909.0
Beacon Batch,51.31215,-2.74082,G/SC-003,1,412828748.0
Staple Hill,50.94454,-3.08257,G/SC-004,1,11298073622.0
Selworthy Beacon,51.22082,-3.54951,G/SC-005,1,5673272098.0
Periton Hill,51.18691,-3.50877,G/SC-006,1,5673265973.0
Long Knoll,51.13775,-2.30714,G/SC-007,1,3129491118.0
Win Green,50.98558,-2.108,G/SC-008,1,477241085.0
Lewesdon Hill,50.80732,-2.79935,G/SC-009,1,9765250210.0
Dundry Down,51.39774,-2.64337,G/SC-010,1,390194976.0
Hardown Hill,50.74497,-2.84428,G/SC-011,1,1600651254.0
Nine Barrow Down,50.63048,-1.98937,G/SC-013,1,2776438760.0
Walbury Hill,51.35249,-1.46508,G/SE-001,1,8088274.0
Leith Hill,51.1765,-0.37144,G/SE-002,1,266529756.0
Black Down,51.05863,-0.68938,G/SE-003,1,262686.0
Butser Hill,50.97784,-0.98028,G/SE-004,1,29267161.0
Botley Hill,51.27884,-0.01262,G/SE-005,1,2101166160.0
Ditchling Beacon,50.90174,-0.10763,G/SE-006,1,33825466.0
Crowborough,51.0551,0.15387,G/SE-007,1,11298022886.0
St Boniface Down,50.60357,-1.19759,G/SE-008,1,2293011934.0
Chanctonbury Ring,50.89658,-0.38222,G/SE-009,1,29543228.0
Firle Beacon,50.83379,0.10815,G/SE-010,1,9137750946.0
Wilmington Hill,50.80982,0.19654,G/SE-011,1,10062571934.0
Brighstone Down,50.6606,-1.38955,G/SE-012,1,597758184.0
Detling Hill,51.29848,0.58556,G/SE-013,1,11298022644.0
Cliffe Hill,50.87811,0.03703,G/SE-014,1,369309854.0
Kinder Scout,53.38481,-1.87391,G/SP-001,4,29133498.0
Black Hill,53.53801,-1.88531,G/SP-002,2,
Ward's Stone,54.02302,-2.62434,G/SP-003,2,11280711003.0
Shining Tor,53.26073,-2.00947,G/SP-004,2,671766423.0
Pendle Hill,53.86856,-2.29857,G/SP-005,2,29798197.0
White Hill,54.02409,-2.49928,G/SP-006,2,31376757.0
Fair Snape Fell,53.91993,-2.61485,G/SP-007,2,29517111.0
Boulsworth Hill - Lad Law,53.81692,-2.10825,G/SP-008,2,29784305.0
Hail Storm Hill,53.67034,-2.25126,G/SP-009,1,30844599.0
Winter Hill,53.6299,-2.51576,G/SP-010,1,872428124.0
Freeholds Top,53.69328,-2.14384,G/SP-011,1,6422186170.0
Easington Fell,53.93359,-2.41231,G/SP-012,1,29759944.0
Gun,53.15078,-2.04622,G/SP-013,1,810732180.0
Longridge Fell - Spire Hill,53.86463,-2.52157,G/SP-014,1,434346494.0
The Cloud,53.17037,-2.1447,G/SP-015,1,638787201.0
Billinge Hill,53.50767,-2.71685,G/SP-017,1,30581674.0
Urra Moor - Round Hill,54.40637,-1.08592,G/TW-001,1,9530459052.0
Cringle Moor - Drake Howe,54.41927,-1.17322,G/TW-002,1,196179449.0
Gisborough Moor,54.50308,-1.02489,G/TW-003,1,11298038772.0
Bishop Wilton Wold,54.00271,-0.74771,G/TW-004,1,
Normanby Top,53.45306,-0.31316,G/TW-005,1,334271479.0
Brown Clee Hill,52.47673,-2.59958,G/WB-002,2,
Stiperstones,52.58192,-2.93486,G/WB-003,2,390224707.0
Titterstone Clee Hill,52.39805,-2.60196,G/WB-004,2,356759950.0
Long Mynd - Pole Bank,52.54467,-2.86378,G/WB-005,2,538343310.0
Caer Caradoc Hill,52.55384,-2.77212,G/WB-006,1,270666596.0
Heath Mynd,52.5406,-2.98103,G/WB-007,1,3734048144.0
Hergest Ridge,52.19951,-3.0924,G/WB-008,1,
Worcestershire Beacon,52.10494,-2.33895,G/WB-009,1,96072663.0
The Wrekin,52.67023,-2.55104,G/WB-010,1,
Bradnor Hill,52.21949,-3.05192,G/WB-011,1,29272324.0
High Vinnalls,52.34722,-2.76782,G/WB-012,1,2897480630.0
Garway Hill,51.92128,-2.82029,G/WB-013,1,603392956.0
Burrow,52.44222,-2.91189,G/WB-014,1,11297682270.0
Callow Hill,52.46083,-2.79506,G/WB-015,1,11297688413.0
Wapley Hill,52.25629,-2.95731,G/WB-016,1,11298157362.0
Shobdon Hill,52.27141,-2.90721,G/WB-017,1,11298107927.0
View Edge,52.42383,-2.8502,G/WB-018,1,2309620764.0
May Hill,51.88919,-2.44389,G/WB-019,1,359373374.0
Burton Hill,52.13408,-2.88595,G/WB-020,1,11297687745.0
Ruardean Hill,51.84961,-2.53141,G/WB-021,1,
Seager Hill,52.03859,-2.54979,G/WB-022,1,
Hegdon Hill,52.18197,-2.60798,G/WB-023,1,11298047131.0
Aconbury Hill,51.9932,-2.7211,G/WB-024,1,538839570.0
Snaefell,54.26329,-4.46163,GD/GD-001,8,283514313.0
Slieau Freoaghane,54.26394,-4.54903,GD/GD-002,4,283520669.0
South Barrule,54.14948,-4.66929,GD/GD-003,4,283524052.0
Bradda Hill,54.10438,-4.76354,GD/GD-004,1,300040027.0
Mull Hill,54.07313,-4.76811,GD/GD-005,1,283516446.0
Trostan,55.04572,-6.1554,GI/AH-001,4,332372898.0
Knocklayd,55.16211,-6.25102,GI/AH-002,4,332372961.0
Slieveanorra,55.07418,-6.22472,GI/AH-003,4,332372943.0
Divis,54.61128,-6.01851,GI/AH-004,2,332373083.0
Agnew's Hill,54.84438,-5.93421,GI/AH-005,2,
Mid Hill,54.97432,-6.12361,GI/AH-006,2,332373222.0
Slemish,54.88135,-6.09737,GI/AH-007,2,332373236.0
Big Collin,54.80212,-6.08494,GI/AH-008,1,332373517.0
Carnearny,54.76844,-6.17355,GI/AH-009,1,9321475819.0
Slievetrue,54.73203,-5.91023,GI/AH-010,1,332373471.0
Cross Slieve,55.09738,-6.06458,GI/AH-011,1,332373583.0
Slieve Gullion,54.12186,-6.43344,GI/CA-001,4,332372870.0
Camlough Mountain,54.16602,-6.39466,GI/CA-002,2,332373306.0
Carrigatuke,54.22972,-6.61536,GI/CA-003,1,332373420.0
Croslieve,54.08703,-6.46954,GI/CA-004,1,332373461.0
Tievecrom,54.07674,-6.43784,GI/CA-005,1,332373552.0
Slieve Donard,54.18027,-5.9208,GI/MM-001,10,332372503.0
Slieve Commedagh,54.18873,-5.93875,GI/MM-002,8,332372550.0
Slieve Binnian,54.14193,-5.98001,GI/MM-003,8,332372563.0
Slieve Bearnagh,54.1842,-5.98953,GI/MM-004,8,332372576.0
Slieve Meelbeg,54.18373,-6.00829,GI/MM-005,8,332372585.0
Slievelamagan,54.16613,-5.96606,GI/MM-006,8,332372600.0
Slieve Muck,54.15801,-6.03965,GI/MM-007,6,332372660.0
Eagle Mountain,54.14012,-6.09726,GI/MM-008,6,
Slievemoughanmore,54.14988,-6.08916,GI/MM-009,4,332372847.0
Slieve Croob,54.34001,-5.97346,GI/MM-010,4,332372936.0
Slievemartin,54.09356,-6.16512,GI/MM-011,2,332373029.0
Slievenaglogh,54.13966,-6.01311,GI/MM-012,2,332373139.0
Gruggandoo,54.16451,-6.16351,GI/MM-013,1,7900652270.0
Knockchree,54.08649,-6.05845,GI/MM-014,1,332373463.0
Slievenalargy,54.25194,-6.01079,GI/MM-015,1,6247444998.0
Cairngaver,54.61626,-5.74957,GI/MM-017,1,332373594.0
Sawel Mountain,54.81971,-7.03942,GI/SM-001,6,332372624.0
Mullaghclogha,54.80646,-7.13413,GI/SM-002,6,332372716.0
Mullaghaneany,54.83073,-6.93477,GI/SM-003,6,332372737.0
Carnanelly,54.77233,-6.952,GI/SM-004,4,332372854.0
Mullaghmore,54.8497,-6.85098,GI/SM-005,4,332372896.0
Mullaghcarn,54.67432,-7.20943,GI/SM-006,4,332372884.0
Slieve Gallion,54.73186,-6.76124,GI/SM-007,4,332372934.0
Mullaghash,54.86075,-7.00412,GI/SM-008,2,332373086.0
Benbradagh,54.94406,-6.8741,GI/SM-009,2,332373069.0
Curraghchosaly Mountain,54.70089,-7.25933,GI/SM-010,2,332373275.0
Owenreagh Hill,54.80919,-7.34755,GI/SM-011,2,332373444.0
Balix Hill,54.81139,-7.26197,GI/SM-012,2,332373346.0
Donald's Hill,54.99764,-6.83979,GI/SM-013,1,332373447.0
Loughermore,54.98442,-7.08073,GI/SM-014,1,332373446.0
Binevenagh,55.11334,-6.91792,GI/SM-015,1,
Craignamaddy,54.74985,-7.1901,GI/SM-016,1,332373429.0
Oughtmore,54.69616,-6.87788,GI/SM-017,1,332373436.0
Slievekirk,54.9194,-7.29742,GI/SM-018,1,
Crocknamoghil,54.71061,-7.104,GI/SM-019,1,332373497.0
Crockdooish,54.86654,-7.17686,GI/SM-020,1,332373482.0
Slievemore,54.49847,-7.0855,GI/SM-021,1,
Holywell Hill,54.99989,-7.39915,GI/SM-022,1,
Clondermot Hill,54.95997,-7.32325,GI/SM-023,1,332373591.0
Gortmonly Hill,54.91807,-7.38322,GI/SM-024,1,332373592.0
Bessy Bell,54.6852,-7.39559,GI/SW-001,2,332373258.0
Belmore Mountain,54.32445,-7.78783,GI/SW-002,1,332373448.0
Tullybrack,54.36081,-7.86231,GI/SW-003,1,332373426.0
Slieve Beagh,54.33876,-7.1954,GI/SW-004,1,332373405.0
Bolaght Mountain,54.63601,-7.59966,GI/SW-005,1,332373511.0
Dooish,54.57551,-7.51366,GI/SW-006,1,332373504.0
Brougher Mountain,54.42168,-7.46311,GI/SW-007,1,332373477.0
Pollnalaght,54.57789,-7.42908,GI/SW-008,1,
Mullaghcroy,54.68321,-7.49066,GI/SW-009,1,
Les Platons (Jersey),49.2479,-2.1055,GJ/JE-001,1,5300394261.0
Ben Lawers,56.54492,-4.22086,GM/CS-001,10,55560959.0
Creag Meagaidh,56.95202,-4.60212,GM/CS-002,10,
Beinn a'Ghlo - Carn nan Gabhar,56.83984,-3.68806,GM/CS-003,10,304802134.0
Meall Garbh,56.56612,-4.20771,GM/CS-004,10,258827824.0
Schiehallion,56.66693,-4.10023,GM/CS-005,8,273925520.0
Beinn a'Chreachain,56.56039,-4.64762,GM/CS-006,8,258829862.0
Beinn Heasgarnich,56.51027,-4.57922,GM/CS-007,8,258829700.0
Beinn Dorain,56.50287,-4.72216,GM/CS-008,8,252103762.0
Braigh Coire Chruinn-bhalgain,56.83108,-3.72951,GM/CS-009,8,304802133.0
Meall Corranaich,56.54095,-4.25347,GM/CS-010,8,258827819.0
Glas Tulaichean,56.86576,-3.55816,GM/CS-011,8,304807286.0
Beinn a'Chaorainn,56.92862,-4.65364,GM/CS-012,8,255424958.0
Creag Mhor,56.48952,-4.61404,GM/CS-013,8,258829658.0
Beinn Iutharn Mhor,56.89499,-3.56823,GM/CS-014,8,304807034.0
Meall nan Tarmachan,56.52166,-4.30134,GM/CS-015,8,258825903.0
Carn Mairg,56.63464,-4.14561,GM/CS-016,8,273926870.0
Meall Ghaordaidh,56.52581,-4.41665,GM/CS-017,8,273933147.0
Beinn Achaladair,56.55189,-4.69453,GM/CS-018,8,258830387.0
Carn Gorm,56.62254,-4.22602,GM/CS-019,8,
Carn an Righ,56.87658,-3.59527,GM/CS-020,8,304807031.0
Ben Challum,56.45457,-4.61918,GM/CS-021,8,
Beinn Udlamain,56.83545,-4.32998,GM/CS-022,8,273889602.0
Beinn Dearg,56.87735,-3.88372,GM/CS-023,8,304797326.0
An Sgarsoch,56.93211,-3.75429,GM/CS-024,8,304807030.0
Beinn an Dothaidh,56.53013,-4.71396,GM/CS-025,8,252103765.0
Meall Greigh,56.56742,-4.15956,GM/CS-026,8,258828481.0
Carn an Fhidhleir (Carn Ealar),56.93602,-3.80153,GM/CS-027,6,1158412531.0
Sgairneach Mhor,56.82845,-4.29779,GM/CS-028,6,273889197.0
Carn Liath,56.80777,-3.74409,GM/CS-029,6,304798882.0
Carn a'Gheoidh,56.87307,-3.46662,GM/CS-030,6,
Carn a'Chlamain,56.86097,-3.77963,GM/CS-031,6,304804664.0
Stuchd an Lochain,56.57091,-4.4706,GM/CS-032,6,273932388.0
Meall Glas,56.45571,-4.54682,GM/CS-033,6,258829589.0
Beinn Mhanach,56.53404,-4.64604,GM/CS-034,6,258830136.0
Meall Chuaich,56.96385,-4.11257,GM/CS-035,6,273890318.0
Carn Bhac,56.93054,-3.56088,GM/CS-036,6,304807922.0
Carn Dearg,57.09226,-4.25325,GM/CS-037,6,273881344.0
An Socach,56.90229,-3.51316,GM/CS-038,6,304808493.0
Carn na Caim,56.91174,-4.17448,GM/CS-039,6,273886843.0
Meall Buidhe,56.61722,-4.44864,GM/CS-040,6,273931436.0
Meall a'Choire Leith,56.56631,-4.25962,GM/CS-041,6,258827818.0
Sgiath Chuil,56.45315,-4.49565,GM/CS-042,6,258829325.0
Geal-charn,56.87443,-4.30452,GM/CS-043,6,273887885.0
Beinn Teallach,56.93593,-4.69475,GM/CS-044,6,255424272.0
Beinn Bhreac,56.91613,-3.86034,GM/CS-045,6,1877597135.0
Leathad an Taobhain,56.94865,-3.93865,GM/CS-046,6,1158418395.0
Beinn nan Oighreag,56.54009,-4.37324,GM/CS-047,6,2354532494.0
Meall Buidhe,56.57015,-4.562,GM/CS-048,6,1223791106.0
Ben Vuirich,56.81074,-3.64401,GM/CS-049,6,1949943102.0
Beinn Odhar,56.46766,-4.70044,GM/CS-050,6,1189404108.0
Beinn Mheadhonach,56.86095,-3.83846,GM/CS-051,6,2704185195.0
Gairbeinn,57.05199,-4.53968,GM/CS-052,4,2290132499.0
Beinn a'Chuallaich,56.72902,-4.15152,GM/CS-053,4,609894779.0
Beinn a'Chaisteil,56.49062,-4.6861,GM/CS-054,4,1189404567.0
Cam Chreag,56.47606,-4.63916,GM/CS-055,4,1189404146.0
Carn an Fhreiceadain,57.13736,-4.10736,GM/CS-056,4,
A'Chaoirnich,56.90042,-4.07819,GM/CS-057,4,
Cam Chreag,56.61109,-4.38563,GM/CS-058,4,609911588.0
Meall na h-Aisre,57.06742,-4.45036,GM/CS-059,4,2704220126.0
Morrone,56.98079,-3.42958,GM/CS-060,4,295151074.0
Carn Dearg Mor,56.9968,-3.93865,GM/CS-061,4,2444678426.0
Stob an Aonaich Mhoir,56.7933,-4.39609,GM/CS-062,4,2704233433.0
Beinn nan Imirean,56.44413,-4.56584,GM/CS-063,4,
Beinn Mholach,56.75953,-4.3121,GM/CS-064,4,611776729.0
Ben Vrackie,56.74895,-3.71727,GM/CS-065,4,1281822532.0
Sron a'Choire Chnapanich,56.57418,-4.51486,GM/CS-066,4,1222255348.0
Carn Dearg,56.95981,-4.72333,GM/CS-067,4,2704345142.0
Beinn Dearg,56.61893,-4.26897,GM/CS-068,4,608532699.0
An Dun,56.8948,-4.10863,GM/CS-069,4,267866476.0
Geal-charn Mor,57.18695,-3.92692,GM/CS-070,4,1583217125.0
Beinn Chaorach,56.45889,-4.66494,GM/CS-071,4,1189403941.0
Carn a'Chuilinn,57.09427,-4.61484,GM/CS-072,4,2704166420.0
Carn Dearg,57.03113,-4.72043,GM/CS-073,4,2290185010.0
Carn na Saobhaidhe,57.19897,-4.32052,GM/CS-074,4,
Beinn nam Fuaran,56.50716,-4.66466,GM/CS-075,4,1189404049.0
Meall nan Subh,56.5245,-4.50381,GM/CS-076,4,2354520257.0
Ben Gulabin,56.83265,-3.47589,GM/CS-077,4,2436863358.0
The Sow of Atholl,56.8381,-4.25518,GM/CS-078,4,611774822.0
Beinn Iaruinn,56.97015,-4.80315,GM/CS-079,4,2704057010.0
Meall Tairneachan,56.6659,-3.94741,GM/CS-080,4,609674035.0
Farragon Hill,56.67506,-3.89421,GM/CS-081,4,609678313.0
Meall nam Maigheach,56.56287,-4.3025,GM/CS-082,4,609926125.0
Meall na Leitreach,56.80404,-4.22799,GM/CS-083,4,611776508.0
Meallach Mhor,56.99279,-4.01527,GM/CS-084,4,2444678413.0
Carn Dearg,57.01574,-4.70735,GM/CS-085,4,2290185009.0
Creag Dhubh,57.04715,-4.18076,GM/CS-086,4,
Meall a'Mhuic,56.62743,-4.31725,GM/CS-087,4,609913095.0
Creag Liath,57.0785,-4.20612,GM/CS-088,4,2087514623.0
Leana Mhor,56.9503,-4.82178,GM/CS-089,2,2794349918.0
Leana Mhor,56.95178,-4.76904,GM/CS-090,2,
Carn Glas-choire,57.33944,-3.84328,GM/CS-091,2,2794209971.0
Creag Ruadh,56.96638,-4.16396,GM/CS-092,2,2107953699.0
Creag Dhubh,56.90297,-4.7558,GM/CS-093,2,2794308790.0
Blath Bhalg,56.73139,-3.60438,GM/CS-094,2,2444393940.0
Creag Ruadh,56.99113,-4.37491,GM/CS-095,2,2794311965.0
Carn na h-Easgainn,57.36182,-4.0898,GM/CS-096,2,2111391357.0
Carn nan Tri-tighearnan,57.42638,-3.96154,GM/CS-097,2,2794202181.0
Creag a'Mhadaidh,56.75674,-4.23473,GM/CS-098,2,2444423670.0
Leagag,56.6535,-4.41758,GM/CS-099,2,2354532493.0
Dun Coillich,56.65818,-4.02036,GM/CS-100,2,609886464.0
Beinn a'Mhonicag,56.92897,-4.81504,GM/CS-101,2,2794315667.0
Creag nam Mial,56.6692,-3.54554,GM/CS-102,2,2792717000.0
Beinn Mheadhoin,57.2625,-4.31587,GM/CS-103,2,2794303961.0
Beinn a'Bhacaidh,57.17125,-4.59584,GM/CS-104,2,1987043549.0
Carn na Loine,57.40572,-3.54948,GM/CS-105,2,1573078778.0
Creag a'Chliabhain,57.25364,-4.36227,GM/CS-106,2,373362005.0
Drumcroy Hill,56.74127,-4.059,GM/CS-107,2,609902901.0
Deuchary Hill,56.61857,-3.57032,GM/CS-108,2,2792709554.0
Meall Mor,57.39301,-4.10249,GM/CS-109,1,
Meall an Tarsaid,57.18351,-4.49727,GM/CS-110,1,
Creag Bheag,57.0896,-4.07102,GM/CS-111,1,
Beinn Mhor,57.33229,-3.67312,GM/CS-112,1,2443790777.0
Tom Bailgeann,57.33392,-4.34659,GM/CS-113,1,
Drummond Hill,56.5846,-4.03738,GM/CS-114,1,2778998874.0
Knock of Braemoray,57.45509,-3.64849,GM/CS-115,1,2442929656.0
Hill of Persie,56.68797,-3.43422,GM/CS-116,1,2245079805.0
Stac na Cathaig,57.3414,-4.26127,GM/CS-117,1,2120027959.0
Stac Gorm,57.31583,-4.27565,GM/CS-118,1,1439616768.0
Creag nan Clag,57.32407,-4.33081,GM/CS-119,1,
Brown Muir,57.57782,-3.24161,GM/CS-120,1,2794213218.0
Hill of the Wangie,57.56548,-3.4448,GM/CS-121,1,2794223694.0
Newtyle Hill,56.55931,-3.54722,GM/CS-122,1,2792725554.0
Burgiehill,57.58418,-3.51146,GM/CS-123,1,2794222012.0
Meall Chomraidh,56.66814,-4.47554,GM/CS-124,1,2778938915.0
Sgurr Mor,57.70013,-5.01677,GM/NS-001,10,268246020.0
Sgurr nan Clach Geala,57.69628,-5.04824,GM/NS-002,8,268247095.0
Beinn Dearg,57.78635,-4.92956,GM/NS-003,8,266818065.0
An Teallach - Bidein a'Ghlas Thuill,57.8071,-5.25177,GM/NS-004,8,260179364.0
Ben Wyvis,57.67891,-4.57925,GM/NS-005,8,268248292.0
Mullach Coire Mhic Fhearchair,57.70902,-5.27134,GM/NS-006,8,266819353.0
Sgurr Breac,57.69194,-5.09131,GM/NS-007,6,268247484.0
A'Chailleach,57.69377,-5.12871,GM/NS-008,6,268247485.0
Ben More Assynt,58.13816,-4.85821,GM/NS-009,6,260271697.0
Sgurr Ban,57.71854,-5.2659,GM/NS-010,6,260198322.0
Slioch,57.66718,-5.34705,GM/NS-011,6,266821145.0
Cona' Mheall,57.79108,-4.90342,GM/NS-012,6,266818067.0
A'Mhaighdean,57.71965,-5.34672,GM/NS-013,6,260199981.0
Ben Klibreck - Meall nan Con,58.2352,-4.41113,GM/NS-014,6,260271377.0
Am Faochagach,57.7718,-4.8539,GM/NS-015,6,266818068.0
Beinn Tarsuinn,57.70205,-5.29163,GM/NS-016,6,260199074.0
Fionn Bheinn,57.61115,-5.10271,GM/NS-017,6,268238743.0
Eididh nan Clach Geala,57.8135,-4.9342,GM/NS-018,6,
Seana Bhraigh,57.84733,-4.89662,GM/NS-019,6,266818066.0
Ben Hope,58.41311,-4.60786,GM/NS-020,6,260271376.0
Ruadh Stac Mor,57.72678,-5.32929,GM/NS-021,6,260199381.0
Beinn a'Chlaidheimh,57.74592,-5.25907,GM/NS-022,6,266818797.0
Foinaven - Ganu Mor,58.41206,-4.8857,GM/NS-023,6,181306323.0
Beinn Dearg Mor,57.7658,-5.30994,GM/NS-024,6,651538245.0
Beinn Enaiglair,57.7791,-4.98673,GM/NS-025,4,651510442.0
Ben Hee,58.26589,-4.68391,GM/NS-026,4,611220589.0
Beinn Lair,57.70384,-5.3892,GM/NS-027,4,651538276.0
Beinn a'Chaisgein Mor,57.75116,-5.39209,GM/NS-028,4,651538228.0
Cul Mor,58.05812,-5.11677,GM/NS-029,4,651297923.0
Canisp,58.12091,-5.05285,GM/NS-030,4,651297921.0
Carn Ban,57.84677,-4.80104,GM/NS-031,4,651510443.0
Carn Chuinneag,57.81381,-4.55414,GM/NS-032,4,651510755.0
Beinn Dearg Bheag,57.77599,-5.33143,GM/NS-033,4,1725309083.0
Breabag,58.09737,-4.90854,GM/NS-034,4,651297924.0
Quinag - Sail Gharbh,58.21515,-5.0499,GM/NS-035,4,1345712117.0
Creag Rainich,57.72566,-5.19902,GM/NS-036,4,651538251.0
Meallan Liath Coire Mhic Dhughaill,58.31007,-4.80567,GM/NS-037,4,611220580.0
Cranstackie,58.45743,-4.82872,GM/NS-038,4,611209749.0
Beinn Leoid,58.22202,-4.86161,GM/NS-039,4,1779549261.0
Beinn Airigh Charr,57.72756,-5.47761,GM/NS-040,4,651538289.0
Beinn a'Chaisteil,57.78092,-4.74299,GM/NS-041,4,651510754.0
Arkle,58.37106,-4.90364,GM/NS-042,4,611177597.0
Meall Horn,58.36168,-4.8176,GM/NS-043,4,611177601.0
Glas Bheinn,58.19268,-4.97057,GM/NS-044,4,613558916.0
Quinag - Sail Gorm,58.22561,-5.06954,GM/NS-045,4,613555622.0
Beinn Spionnaidh,58.47304,-4.8105,GM/NS-046,4,1291925648.0
Cul Beag,58.02955,-5.15099,GM/NS-047,4,651302268.0
Sail Mhor,57.84445,-5.31582,GM/NS-048,4,1806887013.0
Beinn Liath Mhor a'Ghiubhais Li,57.69865,-4.88638,GM/NS-049,4,651538257.0
Little Wyvis,57.64278,-4.63264,GM/NS-050,4,651511308.0
Quinag - Spidean Coinich,58.20187,-5.05447,GM/NS-051,4,613555618.0
Ben Loyal - An Caisteal,58.40493,-4.43503,GM/NS-052,4,181305314.0
Carn an Tionail,58.31036,-4.74574,GM/NS-053,4,2689697537.0
Meallan a'Chuail,58.22072,-4.82003,GM/NS-054,4,2266020408.0
Groban,57.68754,-5.18923,GM/NS-055,4,1481050090.0
Beinn nan Eun,57.74661,-4.60898,GM/NS-056,4,2715400995.0
Ben Mor Coigach,57.98654,-5.22574,GM/NS-057,4,1975835361.0
Meall Mor,57.73619,-4.49546,GM/NS-058,4,2715399219.0
Sabhal Beag,58.34437,-4.78113,GM/NS-059,4,613011486.0
Suilven - Caisteal Liath,58.11552,-5.13676,GM/NS-060,4,341437669.0
Meall Doire Faid,57.76716,-4.99277,GM/NS-061,4,1431798925.0
Meall Mheinnidh,57.71667,-5.43515,GM/NS-062,4,2700244158.0
Ben Stack,58.33492,-4.95772,GM/NS-063,4,
Beinn Tharsuinn,57.80775,-4.6734,GM/NS-064,4,
Creag Mhor,58.18569,-4.2153,GM/NS-065,4,2682073612.0
Beinn nan Ramh,57.64676,-5.11896,GM/NS-066,4,
Morven,58.23423,-3.69673,GM/NS-067,4,1432606960.0
Meall a'Chaorainn,57.59508,-5.12059,GM/NS-068,4,1440798731.0
Ben Armine - Creag a'Choire Ghlais,58.21541,-4.22326,GM/NS-069,4,2689679395.0
Sgurr an Fhidhleir,57.99729,-5.22594,GM/NS-070,4,2723418355.0
Carn a'Choin Deirg,57.89172,-4.70496,GM/NS-071,4,2154984433.0
Carn Loch nan Amhaichean,57.74337,-4.67077,GM/NS-072,2,2715412257.0
Beinn a'Mhuinidh,57.64123,-5.29873,GM/NS-073,2,2280043227.0
Beinn Tharsuinn,57.78146,-4.34532,GM/NS-074,2,2715385300.0
Beinn Direach,58.30211,-4.72141,GM/NS-075,2,
Beinn a'Chaisgein Beag,57.7826,-5.42281,GM/NS-076,2,651538237.0
Beinn Bheag,57.69151,-5.2142,GM/NS-077,2,1481050088.0
Meall Dubh,57.85208,-4.99152,GM/NS-078,2,2715256049.0
Carn Salachaidh,57.85186,-4.49737,GM/NS-079,2,2689823570.0
Beinn Ghobhlach,57.89597,-5.28247,GM/NS-080,2,442348061.0
Meall a'Chaorainn,57.80403,-4.76143,GM/NS-081,2,2715257648.0
Beinn Dhorain,58.11677,-3.82561,GM/NS-082,2,2422703227.0
Scaraben,58.22037,-3.59151,GM/NS-083,2,1432606961.0
Beinn an Eoin,58.00657,-5.209,GM/NS-084,2,2723444163.0
Meall an Fheur Loch,58.23769,-4.79187,GM/NS-085,2,2266020405.0
Stac Pollaidh,58.04411,-5.20852,GM/NS-086,2,341433373.0
Beinn Mhealaich,58.11141,-3.76509,GM/NS-087,2,2422703226.0
Cnoc Damh,57.92178,-4.92191,GM/NS-088,2,
Ben Griam Mor,58.3227,-4.03925,GM/NS-089,2,603925787.0
Beinn nam Ban,57.86676,-5.18972,GM/NS-090,2,2714430811.0
Ben Griam Beg,58.34348,-3.9972,GM/NS-091,2,1136300075.0
Meall an Fhuarain,57.97728,-4.90932,GM/NS-092,2,
Beinn Reidh,58.14372,-5.04058,GM/NS-093,2,2723451498.0
Beinn Eilideach,57.88592,-5.08731,GM/NS-094,2,
An Cabar,57.63315,-4.92055,GM/NS-095,2,1432594206.0
Cnoc nan Cuilean,58.38156,-4.40038,GM/NS-096,2,612997830.0
Creag Scalabsdale,58.19329,-3.75372,GM/NS-097,2,2401754510.0
Creag Dhubh Mhor,58.2648,-4.6288,GM/NS-098,2,2689679400.0
Meall Liath Choire,57.9197,-4.99522,GM/NS-099,2,2715245449.0
Cnoc a'Bhaid-rallaich,57.88477,-5.26374,GM/NS-100,2,
Carn Garbh,58.0992,-3.88018,GM/NS-101,2,2405252995.0
Beinn an Eoin,58.03431,-4.72928,GM/NS-102,2,2689812965.0
Ben Hiel,58.41618,-4.40547,GM/NS-103,2,612975564.0
Beinn Stumanadh,58.41625,-4.32834,GM/NS-104,2,1141352770.0
Cnoc Ceislein,57.70321,-4.36919,GM/NS-105,2,2715404906.0
Meall Glac Tigh-fail,57.79679,-5.09543,GM/NS-106,2,2714438435.0
Ben Horn,58.03019,-4.02135,GM/NS-107,2,2717182224.0
Farrmheall,58.48439,-4.90354,GM/NS-108,2,603278688.0
An Lean-charn,58.43287,-4.7082,GM/NS-109,2,2715731968.0
Meall Coire an Lochain,58.01176,-5.0284,GM/NS-110,2,2689812963.0
Maovally,58.1499,-4.75737,GM/NS-111,2,
Ben Dreavie,58.3125,-4.97018,GM/NS-112,2,925527890.0
Smean,58.22679,-3.64881,GM/NS-113,2,
Meall Dheirgidh,57.9123,-4.57883,GM/NS-114,2,2715244512.0
Creag Riabhach,58.5282,-4.95764,GM/NS-115,1,603249839.0
Maiden Pap,58.24266,-3.62277,GM/NS-116,1,1432606959.0
Carn na Dubh Choille,57.667,-4.70576,GM/NS-117,1,2714458245.0
Beinn Sgeireach,58.06841,-4.62326,GM/NS-118,1,2689777614.0
Meall an Fhuarain,58.23843,-4.53414,GM/NS-119,1,1779639939.0
Creag Dhubh Bheag,58.23909,-4.5996,GM/NS-120,1,2715755646.0
An Grianan,58.51778,-4.98117,GM/NS-121,1,603249820.0
Feinne-bheinn Mhor,58.37683,-4.67892,GM/NS-122,1,2715760406.0
Breac-Bheinn,57.91978,-4.5372,GM/NS-123,1,
Fashven,58.56285,-4.90039,GM/NS-124,1,
Beinn Lunndaidh,57.99063,-4.04637,GM/NS-125,1,892954379.0
Cnoc an Liath-bhaid Mhoir,58.23343,-4.11452,GM/NS-126,1,2441212654.0
Meall Meadhonach,58.52418,-4.73204,GM/NS-127,1,2682004590.0
Braigh na h-Eaglaise,58.17772,-3.59165,GM/NS-128,1,2681909353.0
Beinn Dubhain,58.16246,-3.80864,GM/NS-129,1,2716830839.0
Meadie Ridge,58.35692,-4.56644,GM/NS-130,1,1780708830.0
Creag Loisgte,57.92145,-4.75766,GM/NS-131,1,2154984434.0
Ben Hutig,58.55076,-4.51281,GM/NS-132,1,615915770.0
Creag Thoraraidh,58.14729,-3.63151,GM/NS-133,1,
Cnoc na Maoile,58.16863,-3.68809,GM/NS-134,1,
Cnoc Corr Guinie,57.74929,-4.23344,GM/NS-135,1,2715389334.0
Creag nam Fiadh,58.18698,-3.97273,GM/NS-136,1,2439051415.0
Cnoc an t-Sabhail,57.77891,-4.19714,GM/NS-137,1,
Struie,57.83431,-4.2611,GM/NS-138,1,2715389261.0
Sgribhis-bheinn,58.59749,-4.89391,GM/NS-139,1,603249807.0
Meall a'Chaise,58.07568,-4.28868,GM/NS-140,1,2717194354.0
An Socach,58.48112,-4.97669,GM/NS-141,1,
Cnoc an Daimh Mor,58.34834,-4.50805,GM/NS-142,1,
Beinn Domhnaill,57.93979,-4.23192,GM/NS-143,1,644121534.0
Creag a'Ghobhair,57.91577,-4.26403,GM/NS-144,1,644089369.0
Meall nan Clach Ruadha,58.47876,-4.39375,GM/NS-145,1,2716852133.0
Ghlas-bheinn,58.50871,-4.86479,GM/NS-146,1,2682004592.0
Meall Dola,58.03014,-4.33855,GM/NS-147,1,2722971549.0
Cnoc an t-Sabhail,57.80671,-4.15308,GM/NS-148,1,2715419785.0
Beinn Akie,58.5414,-4.85219,GM/NS-149,1,
Cnoc Mor,57.57733,-4.5264,GM/NS-150,1,2715421582.0
Mount Eagle,57.6008,-4.2631,GM/NS-151,1,1530109793.0
Hill of Nigg,57.70913,-3.98102,GM/NS-152,1,2715412808.0
Meall an Fheadain,58.04249,-5.39206,GM/NS-153,1,929125729.0
Beinn Dearg,58.5463,-4.95769,GM/NS-154,1,603249827.0
Creag an Amalaidh,57.94962,-4.09874,GM/NS-155,1,9124606442.0
Sgurr Alasdair,57.20659,-6.22418,GM/SI-001,6,388371683.0
Sgurr Dearg - Inaccessible Pinnacle,57.21325,-6.23482,GM/SI-002,6,388371680.0
Ben More,56.42483,-6.01402,GM/SI-003,6,1390626812.0
Sgurr nan Gillean,57.24821,-6.19316,GM/SI-004,6,388371674.0
Bla Bheinn (Blaven),57.21957,-6.09321,GM/SI-005,6,379825131.0
Goat Fell,55.62585,-5.19188,GM/SI-006,4,58706525.0
Caisteal Abhail,55.64986,-5.22929,GM/SI-007,4,300806208.0
Beinn Tarsuinn,55.62148,-5.24208,GM/SI-008,4,300806330.0
Askival,56.97443,-6.2915,GM/SI-009,4,340074320.0
Garbh-bheinn,57.2331,-6.09247,GM/SI-010,4,559458445.0
Cir Mhor,55.63913,-5.22253,GM/SI-011,4,300806536.0
Clisham,57.96369,-6.81255,GM/SI-012,4,633549042.0
Beinn an Oir,55.9024,-6.00414,GM/SI-013,4,278496102.0
Ainshval,56.96563,-6.31468,GM/SI-014,4,2702862488.0
Glamaig - Sgurr Mhairi,57.29271,-6.1284,GM/SI-015,4,559457538.0
Dun da Ghaoithe,56.46044,-5.77951,GM/SI-016,4,2702943140.0
Beinn Talaidh,56.44457,-5.85429,GM/SI-017,4,1745289652.0
Beinn Shiantaidh,55.90167,-5.97936,GM/SI-018,4,278496124.0
Sgurr Dearg,56.44012,-5.78887,GM/SI-019,4,2702943801.0
Sgurr na Coinnich,57.23615,-5.70943,GM/SI-020,4,2301524983.0
Marsco,57.24918,-6.13348,GM/SI-021,4,416663658.0
Beinn a'Chaolais,55.88844,-6.0175,GM/SI-022,4,278496077.0
Beinn na Caillich,57.24292,-5.69679,GM/SI-023,4,2301524981.0
Beinn na Caillich,57.23728,-5.97668,GM/SI-024,4,559458311.0
Beinn Dearg Mhor,57.27954,-6.11582,GM/SI-025,4,416665034.0
Uisgnaval Mor,57.97294,-6.87115,GM/SI-026,4,633540087.0
Mullach Buidhe,55.63316,-5.33467,GM/SI-027,4,9569867653.0
The Storr,57.50711,-6.18311,GM/SI-028,4,563094988.0
Ben Buie,56.37508,-5.88177,GM/SI-029,4,2845713064.0
Beinn Dearg Mhor,57.23259,-5.99876,GM/SI-030,4,559458329.0
Corra-bheinn,56.4193,-5.9363,GM/SI-031,4,1741380324.0
Belig,57.24098,-6.07228,GM/SI-032,4,2796404367.0
Trallval,56.97339,-6.31727,GM/SI-033,4,2561762171.0
Beinn Fhada,56.44197,-5.9925,GM/SI-034,4,1741382905.0
Creach Beinn,56.38199,-5.8197,GM/SI-035,2,2845706612.0
Tirga Mor,57.99488,-6.98505,GM/SI-036,2,633538966.0
Hartaval,57.51572,-6.20952,GM/SI-037,2,
Oreval,57.98306,-6.93521,GM/SI-038,2,1276508001.0
Beinn Mhor,57.2587,-7.29497,GM/SI-039,2,3395158094.0
Cruach Choireadail,56.40512,-5.90011,GM/SI-040,2,
Ben Aslak,57.20755,-5.72596,GM/SI-041,2,
Hecla,57.29029,-7.27128,GM/SI-042,2,3395190181.0
Beinn a'Ghraig,56.46325,-5.99229,GM/SI-043,2,1616794807.0
Stulaval,58.00648,-6.85465,GM/SI-044,2,1275006855.0
Corra Bheinn,55.90892,-5.95942,GM/SI-045,2,279237184.0
Beinn Bhreac,55.65979,-5.27121,GM/SI-046,2,300806198.0
Mealisval,58.13163,-7.06117,GM/SI-047,2,2870195215.0
Ben na Cro,57.24363,-6.03053,GM/SI-048,2,559458382.0
Beinn Mhor,57.99,-6.64753,GM/SI-049,2,633571877.0
Orval,57.00588,-6.39314,GM/SI-050,2,2806378039.0
Glas Bheinn Mhor,57.25687,-6.05758,GM/SI-051,2,
Meall nan Damh,55.67054,-5.32363,GM/SI-052,2,300806284.0
Glas Bheinn,55.85729,-5.99591,GM/SI-053,2,278496144.0
Beinn na Seamraig,57.1944,-5.76069,GM/SI-054,2,2796448246.0
Coirc Bheinn,56.41921,-6.07553,GM/SI-055,2,1601156441.0
Sgaoth Aird,57.93479,-6.7901,GM/SI-056,2,1780381576.0
Ben Dearg,57.47371,-6.20768,GM/SI-057,2,2796240069.0
Meall na Suiramach,57.64297,-6.2814,GM/SI-058,2,634382574.0
Toddun,57.92835,-6.71408,GM/SI-059,2,633532289.0
Ben Corodale,57.27524,-7.27891,GM/SI-060,2,3395457736.0
Beinn na Sreine,56.39719,-6.12361,GM/SI-061,2,1601156439.0
Tahaval,58.12688,-7.02605,GM/SI-062,2,633625348.0
A'Chruach,55.55326,-5.22038,GM/SI-063,2,1132414363.0
Cracaval,58.1165,-7.04598,GM/SI-064,2,
Scrinadle,55.92838,-5.99543,GM/SI-065,2,294062047.0
Beinn Dhubh,57.89986,-6.91423,GM/SI-066,2,633530740.0
Beinn na Croise,56.35516,-5.95166,GM/SI-067,2,2845715416.0
Sgurr na Stri,57.19582,-6.13895,GM/SI-068,1,
Griomaval,58.086,-7.07172,GM/SI-069,1,2870509150.0
Ruadh Stac,57.23252,-6.11954,GM/SI-070,1,
Liuthaid,58.02174,-6.7856,GM/SI-071,1,633612701.0
Beinn Bheigier,55.73317,-6.09539,GM/SI-072,1,299959936.0
Husival Mor,57.9937,-7.04063,GM/SI-073,1,633537125.0
Healabhal Bheag,57.38426,-6.62037,GM/SI-074,1,
Dubh Bheinn,56.03235,-5.8839,GM/SI-075,1,
Ward Hill,58.90062,-3.34051,GM/SI-076,1,612578114.0
Glas Bheinn,55.75771,-6.0983,GM/SI-077,1,
Gormol,57.96944,-6.56449,GM/SI-078,1,2870173479.0
Healabhal Mhor,57.40578,-6.63089,GM/SI-079,1,1835352824.0
Beinn Bhreac,56.04967,-5.85957,GM/SI-080,1,294063066.0
Bioda Buidhe,57.61471,-6.28977,GM/SI-081,1,2392408428.0
Beinn a'Bhraghad,57.24587,-6.29552,GM/SI-082,1,
Roineabhal,57.76661,-6.9754,GM/SI-083,1,346631603.0
Tighvein,55.49937,-5.17151,GM/SI-084,1,
Beinn na Duatharach,56.45815,-5.88941,GM/SI-085,1,2845849901.0
Ronas Hill,60.53386,-1.44594,GM/SI-086,1,3473417740.0
Cruach Scarba,56.17667,-5.72222,GM/SI-087,1,1772977991.0
Caiteshal,57.94319,-6.6622,GM/SI-088,1,633571386.0
Ben Lee,57.32455,-6.15051,GM/SI-089,1,559459095.0
Beinn Bhreac,57.25593,-6.4029,GM/SI-090,1,
Speinne Mor,56.57316,-6.07278,GM/SI-091,1,2845819927.0
Dun Caan,57.38126,-6.02927,GM/SI-092,1,388120703.0
Fionn Bhealach,55.69875,-5.22046,GM/SI-093,1,300806286.0
Beinn Bhreac,55.93061,-5.95079,GM/SI-094,1,294062048.0
Roineval,57.3327,-6.29121,GM/SI-095,1,563099245.0
An Cruachan,57.21825,-6.3387,GM/SI-096,1,2551338377.0
Cuilags,58.91039,-3.37338,GM/SI-097,1,1346094467.0
Conachair,57.82095,-8.57327,GM/SI-098,1,310466847.0
Sgorr nam Faoileann,55.7709,-6.09449,GM/SI-099,1,299923677.0
Suainaval,58.1698,-6.97137,GM/SI-100,1,633623902.0
Beinn na Drise,56.50854,-6.10523,GM/SI-101,1,2845833889.0
Muaithabhal,58.00747,-6.64378,GM/SI-102,1,633573496.0
The Sneug,60.14011,-2.09567,GM/SI-103,1,2941693382.0
Beinn na Greine,57.39383,-6.22972,GM/SI-104,1,563086265.0
Ben Tianavaig,57.39099,-6.14253,GM/SI-105,1,563084305.0
Beinn Bhuidhe,56.4898,-5.91627,GM/SI-106,1,
Beinn Bhac-ghlais,57.37035,-6.61069,GM/SI-107,1,2796272242.0
Guainemol,58.02489,-6.64169,GM/SI-108,1,
Druim Fada,56.33677,-5.80859,GM/SI-109,1,2845828168.0
Knap of Trowieglen,58.86688,-3.31994,GM/SI-110,1,1329572593.0
Bleaval,57.81374,-7.00226,GM/SI-111,1,348151507.0
Beinn Mheadhonach,58.10534,-6.94096,GM/SI-112,1,633627955.0
Mullach na Carn,57.29076,-5.97512,GM/SI-113,1,559458090.0
An Sgurr,56.88414,-6.16605,GM/SI-114,1,709205180.0
Sithean Bhealaich Chumhaing,57.44138,-6.15298,GM/SI-115,1,563097910.0
An Coileach,57.82946,-6.91032,GM/SI-116,1,3048884895.0
Heileasbhal Mor,57.82827,-6.93166,GM/SI-117,1,3048884894.0
Mullach an Eilein,57.87128,-8.49158,GM/SI-118,1,310279527.0
Biod Mor,57.26134,-6.36222,GM/SI-119,1,2551338365.0
Heaval,56.96615,-7.46825,GM/SI-120,1,3395635968.0
Kearnaval,58.04136,-6.76952,GM/SI-121,1,633614865.0
Cnoc Glas,57.83008,-8.63791,GM/SI-122,1,310243550.0
Beinn Chreagach,56.32253,-6.01282,GM/SI-123,1,
Cruachan Min,56.31881,-6.13238,GM/SI-124,1,2845893640.0
Stulaval,57.19616,-7.28881,GM/SI-125,1,3395163335.0
Uisenis,57.95999,-6.50303,GM/SI-126,1,2874036382.0
Ben Garrisdale,56.07891,-5.79337,GM/SI-127,1,
Arnaval,57.29816,-6.40863,GM/SI-128,1,2364283393.0
Chaipaval,57.81875,-7.1014,GM/SI-129,1,348151092.0
Sgarbh Breac,55.91259,-6.15224,GM/SI-130,1,295987211.0
Triuirebheinn,57.17112,-7.27553,GM/SI-131,1,3395163334.0
Eaval,57.52809,-7.18294,GM/SI-132,1,3395190182.0
Ben Meabost,57.16804,-6.07648,GM/SI-133,1,2551345291.0
Sgorr an Fharaidh,56.92654,-6.13427,GM/SI-134,1,2806581507.0
Maol Ban,56.35041,-5.75028,GM/SI-135,1,2855026415.0
Cipeagil Bheag,57.96211,-6.65539,GM/SI-136,1,2870512229.0
Ben Tangaval,56.96018,-7.53198,GM/SI-137,1,3161837936.0
Creachan Mor,56.30225,-6.04905,GM/SI-138,1,2855014707.0
Beinn Chreagach,57.4898,-6.52568,GM/SI-139,1,
Beinn Bhreac,57.48446,-6.58424,GM/SI-140,1,2515666970.0
Feirihisval,58.03838,-6.57423,GM/SI-141,1,2870173481.0
Guir-bheinn,55.87741,-6.19071,GM/SI-142,1,2868106660.0
Mullach Mor,55.52292,-5.06986,GM/SI-143,1,2009124688.0
Biod an Athair,57.4953,-6.74487,GM/SI-144,1,2796247274.0
Beinn Chreagach,56.48213,-6.21889,GM/SI-145,1,864673894.0
Sron Romul,58.02765,-7.13693,GM/SI-146,1,633538193.0
Mullach Mor,57.03041,-6.30865,GM/SI-147,1,2806438226.0
Cruach na Seilcheig,56.12243,-5.73719,GM/SI-148,1,
Cnoc an Ime,55.95394,-5.8614,GM/SI-149,1,
Beinn nan Carn,57.19243,-5.91443,GM/SI-150,1,2796438288.0
Sgorach Breac,57.14946,-5.884,GM/SI-151,1,2796435580.0
Cruachan Glen Vic Askill,57.42774,-6.40384,GM/SI-152,1,2523224758.0
S Airde Beinn,56.60638,-6.12277,GM/SI-153,1,
Royl Field,60.03953,-1.29111,GM/SI-154,1,3473426355.0
Sgurr na h-Iolaire,57.11055,-5.93703,GM/SI-155,1,2796443206.0
Beinn Mholach,58.2574,-6.50977,GM/SI-156,1,2870309461.0
Saxa Vord,60.82748,-0.84106,GM/SI-157,1,3473428285.0
Meall a'Mhaoil,57.3018,-6.0626,GM/SI-158,1,559457672.0
Ben Geary,57.55961,-6.59373,GM/SI-159,1,2550583409.0
Fitful Head,59.90557,-1.38273,GM/SI-160,1,3473428537.0
Sgurr nan Caorach,57.0551,-5.96973,GM/SI-161,1,
Roineval,58.09325,-6.6973,GM/SI-162,1,633579101.0
South Lee,57.57256,-7.15618,GM/SI-163,1,3395190180.0
Scalla Field,60.29763,-1.2975,GM/SI-164,1,3473437143.0
Greabhal,57.7916,-7.04399,GM/SI-165,1,3048863899.0
Beinn Ruigh Choinnich,57.15651,-7.2837,GM/SI-166,1,3395158093.0
Tom nam Fitheach,56.55954,-6.12029,GM/SI-167,1,
Mid Hill,58.96043,-3.15733,GM/SI-168,1,3407037225.0
Carnan,56.80848,-7.65052,GM/SI-169,1,3396528419.0
Ben Raah,57.90767,-7.00868,GM/SI-170,1,348146071.0
Ward of Scousburgh,59.95237,-1.30724,GM/SI-171,1,3473887015.0
North Lee,57.57936,-7.14318,GM/SI-172,1,
Beinn Bhragair,58.29267,-6.66597,GM/SI-173,1,1276508003.0
Conostom,58.1674,-6.82033,GM/SI-174,1,2870503447.0
Arnaval,57.20791,-7.32666,GM/SI-175,1,3395163333.0
Beinn na h-Iolaire,57.47882,-6.00547,GM/SI-176,1,559456103.0
Dalescord Hill,60.39802,-1.28835,GM/SI-177,1,3473735654.0
Blotchnie Fiold,59.14315,-3.01872,GM/SI-178,1,1329654166.0
Sandness Hill,60.28521,-1.65521,GM/SI-179,1,3473444131.0
Carn Ban,56.39741,-5.69379,GM/SI-180,1,2845942807.0
Sleiteachal Mhor,58.07029,-6.72768,GM/SI-181,1,633580705.0
Muirneag,58.35616,-6.31014,GM/SI-182,1,1276512993.0
The Noup,60.12228,-2.08374,GM/SI-183,1,3473842477.0
Easaval,57.11975,-7.33231,GM/SI-184,1,3395411492.0
Beinn Tart a'Mhill,55.72572,-6.44415,GM/SI-185,1,2358238261.0
Marrival,57.60695,-7.34554,GM/SI-186,1,3395459583.0
Caultrashal Mor,58.10265,-6.82472,GM/SI-187,1,
Ward of Bressay,60.12997,-1.09671,GM/SI-188,1,3473458663.0
Wideford Hill,58.98765,-3.02571,GM/SI-189,1,3407052129.0
Milldoe - Mid Tooin,59.06847,-3.12093,GM/SI-190,1,1348017027.0
Keelylang Hill,58.97498,-3.08349,GM/SI-191,1,3407058607.0
Seaforth Island,58.0006,-6.72835,GM/SI-192,1,633571979.0
Ward Hill,59.54591,-1.63276,GM/SI-193,1,3473465923.0
Scrae Field,60.10782,-1.2501,GM/SI-194,1,
Valla Field,60.74961,-0.92935,GM/SI-195,1,3473844260.0
Carn a'Ghaill,57.06754,-6.51582,GM/SI-196,1,2807363100.0
Hill of Arisdale,60.53809,-1.10052,GM/SI-197,1,
Cairn Galtar,56.89301,-7.51964,GM/SI-198,1,3396529002.0
Ben Cliad,57.0098,-7.4749,GM/SI-199,1,3161837899.0
Forsnaval,58.21344,-7.00564,GM/SI-200,1,633622173.0
Beinn Mhor,55.58243,-6.29429,GM/SI-201,1,2868104592.0
Roneval,57.10675,-7.25941,GM/SI-202,1,3395411491.0
Beinn a'Charnain,57.77784,-7.22719,GM/SI-203,1,3395460941.0
Stac an Armin,57.88065,-8.49723,GM/SI-204,1,
Sotan,56.78525,-7.65411,GM/SI-205,1,
Beinn Bhreac,58.02221,-6.39334,GM/SI-206,1,2870536681.0
Beinn Mhor,57.66807,-7.20453,GM/SI-207,1,3395464702.0
Heishival Mor,56.93509,-7.54833,GM/SI-208,1,3161837939.0
Ben Scrien,57.08003,-7.29151,GM/SI-209,1,3395598917.0
Noss Head,60.13975,-1.00463,GM/SI-210,1,3473842478.0
Crogary Mor,57.63931,-7.25102,GM/SI-211,1,3395623894.0
Bioda Mor,57.79564,-8.56124,GM/SI-212,1,2807342385.0
White Grunafirth,60.50938,-1.49991,GM/SI-213,1,3473907819.0
Stac Lee,57.86651,-8.51022,GM/SI-214,1,310279413.0
Mid Ward,60.36973,-1.42142,GM/SI-215,1,
The Hoe,56.85136,-7.58984,GM/SI-216,1,3396528421.0
Fitty Hill,59.28643,-3.00262,GM/SI-217,1,1329730402.0
Mullach Buidhe,57.90214,-6.36507,GM/SI-218,1,2870529556.0
Vord Hill,60.62021,-0.86433,GM/SI-219,1,2392131973.0
Gometra,56.49056,-6.28854,GM/SI-220,1,865299619.0
Crogary na Hoe,57.63978,-7.07161,GM/SI-221,1,3395629122.0
Muldoanich,56.91864,-7.44341,GM/SI-222,1,3396519574.0
Sail Chalmadale,55.60969,-5.31303,GM/SI-223,1,300806366.0
Ben More,56.38595,-4.54009,GM/SS-001,10,8870336.0
Stob Binnein,56.37072,-4.53575,GM/SS-002,10,259035673.0
Ben Lui,56.397,-4.81051,GM/SS-003,10,25697075.0
Cruach Ardrain,56.35643,-4.57615,GM/SS-004,8,258821906.0
Ben Oss,56.38927,-4.77549,GM/SS-005,8,382450384.0
Beinn Ime,56.23679,-4.81712,GM/SS-006,8,2408919863.0
An Caisteal,56.3386,-4.62437,GM/SS-007,6,258820961.0
Ben Vorlich,56.34268,-4.21945,GM/SS-008,6,2116566997.0
Beinn Dubhchraig,56.3913,-4.74319,GM/SS-009,6,382450453.0
Stuc a'Chroin,56.32932,-4.23753,GM/SS-010,6,252104886.0
Ben Lomond,56.19029,-4.63301,GM/SS-011,6,25697071.0
Beinn Bhuidhe,56.32666,-4.90672,GM/SS-012,6,998353496.0
Ben Vorlich,56.27402,-4.75505,GM/SS-013,6,258820144.0
Beinn Chabhair,56.32578,-4.64149,GM/SS-014,6,258820960.0
Ben Chonzie,56.45385,-3.99206,GM/SS-015,6,29621195.0
Beinn Narnain,56.22095,-4.789,GM/SS-016,6,258819149.0
Ben Vane,56.24979,-4.78165,GM/SS-017,6,258819152.0
Beinn an Lochain,56.23008,-4.87624,GM/SS-018,6,539382655.0
Creagan na Beinne,56.50693,-4.04169,GM/SS-019,4,2416107096.0
The Cobbler (Ben Arthur),56.21304,-4.80804,GM/SS-020,4,265662146.0
Beinn Chuirn,56.42389,-4.78987,GM/SS-021,4,560933097.0
Creag Uchdag,56.46528,-4.09811,GM/SS-022,4,611357770.0
Ben Ledi,56.25866,-4.32237,GM/SS-023,4,232941638.0
Stob a'Choin,56.30967,-4.56016,GM/SS-024,4,564976235.0
Beinn Luibhean,56.23124,-4.83634,GM/SS-025,4,268767659.0
Meall an t-Seallaidh,56.38042,-4.36258,GM/SS-026,4,1435034288.0
Ben Donich,56.19793,-4.87329,GM/SS-027,4,539753699.0
Merrick,55.13927,-4.46841,GM/SS-028,4,526101223.0
Broad Law,55.49813,-3.35273,GM/SS-029,4,345150406.0
White Coomb,55.42258,-3.32363,GM/SS-030,4,618913739.0
Benvane,56.2933,-4.36843,GM/SS-031,4,268132129.0
Stob Coire Creagach,56.2577,-4.85797,GM/SS-032,4,
Corserine,55.15508,-4.35913,GM/SS-033,4,526123533.0
Beinn Each,56.31396,-4.26218,GM/SS-034,4,320740776.0
Meall na Fearna,56.34125,-4.18432,GM/SS-035,4,2185793334.0
Creag MacRanaich,56.39988,-4.35807,GM/SS-036,4,1435034333.0
Hart Fell,55.40805,-3.40141,GM/SS-037,4,1527336041.0
Cairnsmore of Carsphairn,55.2561,-4.21313,GM/SS-038,4,526144310.0
Auchnafree Hill,56.45435,-3.93467,GM/SS-039,4,2416107047.0
The Brack,56.18777,-4.82855,GM/SS-040,4,539751213.0
Beinn Bheula,56.14183,-4.97147,GM/SS-041,4,1132317421.0
Shalloch on Minnoch,55.18365,-4.50248,GM/SS-042,4,
Beinn Stacach,56.31472,-4.4681,GM/SS-043,4,2185553372.0
Beinn a'Choin,56.28108,-4.65995,GM/SS-044,4,
Meall an Fhudair,56.33388,-4.79886,GM/SS-045,4,998353521.0
Cnoc Coinnich,56.16661,-4.84655,GM/SS-046,4,773380667.0
Shee of Ardtalnaig,56.49139,-4.06498,GM/SS-047,4,611358667.0
The Stob,56.3768,-4.44453,GM/SS-048,4,2415227585.0
Culter Fell,55.54623,-3.50269,GM/SS-049,4,247178404.0
Meall Mor,56.30109,-4.61368,GM/SS-050,4,564974029.0
Meall nan Gabhar,56.37552,-4.85848,GM/SS-051,4,
Dun Rig,55.57188,-3.18597,GM/SS-052,4,1305282423.0
Beinn Mhor,56.07261,-5.04162,GM/SS-053,4,436962224.0
Doune Hill,56.13585,-4.75252,GM/SS-054,4,957522720.0
Stob an Eas,56.22443,-4.92857,GM/SS-055,4,
Green Lowther,55.38987,-3.73751,GM/SS-056,4,1345948404.0
Beinn na Gainimh,56.48786,-3.89005,GM/SS-057,4,2416107207.0
Ben Venue,56.22501,-4.46199,GM/SS-058,4,379015203.0
Ben Cleuch,56.18568,-3.76949,GM/SS-059,4,3277023102.0
Meall Buidhe,56.41902,-4.30865,GM/SS-060,4,2724262179.0
Lamachan Hill,55.06275,-4.45154,GM/SS-061,4,526160200.0
Beinn Chaorach,56.09333,-4.75444,GM/SS-062,4,957522769.0
Creag Ruadh,56.4368,-4.15218,GM/SS-063,4,
Tinto,55.59169,-3.66255,GM/SS-064,4,241928538.0
Cairnsmore of Fleet,54.97546,-4.34331,GM/SS-065,4,443902858.0
Beinn a'Mhanaich,56.11276,-4.78527,GM/SS-066,4,957522726.0
Beinn Eich,56.11464,-4.73235,GM/SS-068,4,957522715.0
Beinn Lochain,56.16269,-4.96443,GM/SS-069,4,1132335900.0
Blackcraig Hill,55.33308,-4.13345,GM/SS-070,4,1356989487.0
Windy Standard,55.28796,-4.17438,GM/SS-071,2,3733677820.0
Queensberry,55.28147,-3.59308,GM/SS-072,2,304766312.0
Mullwharchar,55.14987,-4.42733,GM/SS-073,2,526185238.0
Ettrick Pen,55.35621,-3.26353,GM/SS-074,2,3546938942.0
Ballencleuch Law,55.32724,-3.6792,GM/SS-075,2,2487653508.0
Meall Dearg,56.5522,-3.81277,GM/SS-076,2,2416107129.0
Gathersnow Hill,55.51591,-3.49215,GM/SS-077,2,333550312.0
Stob Breac,56.31639,-4.51206,GM/SS-078,2,565008442.0
Beinn Damhain,56.31682,-4.77904,GM/SS-079,2,998353451.0
Cruach an t-Sidhein,56.12978,-4.77678,GM/SS-080,2,957522748.0
Beinn Bhreac,56.16365,-4.70458,GM/SS-081,2,957522761.0
Capel Fell,55.34907,-3.31998,GM/SS-082,2,3546938943.0
Andrewhinney Hill,55.41222,-3.26896,GM/SS-083,2,8904420151.0
Creag Each,56.4103,-4.1854,GM/SS-084,2,2415227637.0
Uamh Bheag,56.28102,-4.11566,GM/SS-085,2,1927997338.0
Beinn Ruadh,56.05319,-4.96319,GM/SS-086,2,1132227804.0
Windlestraw Law,55.67725,-3.00134,GM/SS-087,2,1364897871.0
Creag Mhor,56.33547,-4.41125,GM/SS-088,2,268130351.0
Beinn Dubh,56.12948,-4.70232,GM/SS-090,2,
Meall Odhar,56.43005,-4.76172,GM/SS-091,2,560931876.0
Millfore,55.05024,-4.38383,GM/SS-092,2,8291559192.0
Fiarach,56.39854,-4.68344,GM/SS-093,2,
Blackhope Scar,55.72351,-3.09195,GM/SS-094,2,1364897870.0
Sgiath a'Chaise,56.32361,-4.29179,GM/SS-095,2,592054847.0
Craignaw,55.12038,-4.4176,GM/SS-096,2,526169711.0
Creag Tharsuinn,56.07641,-5.07378,GM/SS-097,2,1132296039.0
Mor Bheinn,56.36537,-4.07971,GM/SS-098,2,
Creag Gharbh,56.46677,-4.22151,GM/SS-099,2,2415227560.0
Croft Head,55.33759,-3.33675,GM/SS-100,2,3546938945.0
Beinn Bhalgairean,56.37499,-4.91212,GM/SS-101,2,1140476038.0
Cruinn a'Bheinn,56.21074,-4.63709,GM/SS-102,2,1302069809.0
Tullich Hill,56.16785,-4.74995,GM/SS-103,2,957522760.0
Meall nan Caorach,56.48489,-3.74125,GM/SS-104,2,2416107154.0
Meall Reamhar,56.47907,-3.75168,GM/SS-105,2,2416107133.0
Cauldcleuch Head,55.29725,-2.85743,GM/SS-106,2,7354119749.0
Beinn Bheag,56.09435,-5.01459,GM/SS-107,2,1140762104.0
Cruach nam Mult,56.20797,-4.95499,GM/SS-108,2,2411872275.0
Cruach nan Capull,55.97107,-5.05288,GM/SS-109,2,960873857.0
Cruach Neuran,55.99294,-5.07366,GM/SS-110,2,1132296040.0
Cruach nam Miseag,56.14111,-4.92615,GM/SS-111,2,1132317411.0
Well Hill,55.34011,-3.71427,GM/SS-112,2,283573855.0
Sgorach Mor,56.01994,-5.05516,GM/SS-113,2,1132280652.0
Greatmoor Hill,55.29766,-2.80505,GM/SS-114,2,5754263825.0
Beinn Uamha,56.22725,-4.60432,GM/SS-115,2,1307242366.0
Colt Hill,55.26804,-4.04951,GM/SS-116,2,526812002.0
Beinn Uird,56.15245,-4.57828,GM/SS-117,2,1765165144.0
Wisp Hill,55.28443,-2.96754,GM/SS-118,2,7354172010.0
Ward Law,55.4319,-3.16726,GM/SS-119,2,2683381687.0
Cairn Table,55.49514,-4.02087,GM/SS-120,2,3614789115.0
Cruach Mhor,56.28523,-5.14029,GM/SS-121,2,2794496161.0
The Wiss,55.4739,-3.16501,GM/SS-122,2,
Green Hill,55.39358,-3.79744,GM/SS-123,2,
Binnean nan Gobhar,56.13729,-4.54586,GM/SS-124,2,1302075326.0
Scald Law,55.83619,-3.29217,GM/SS-125,2,289419307.0
Earl's Seat,56.02569,-4.29633,GM/SS-126,2,254504471.0
Beinn an t-Sidhein,56.33076,-4.35167,GM/SS-127,2,846102364.0
Broughton Heights,55.65548,-3.39542,GM/SS-128,2,256946825.0
Meikle Bin,56.01392,-4.13947,GM/SS-129,2,33075225.0
Criffel,54.94056,-3.62925,GM/SS-130,2,36318945.0
Hods Hill,55.37297,-3.57836,GM/SS-131,2,
Roan Fell,55.22918,-2.86357,GM/SS-132,2,7351230965.0
Minch Moor,55.58693,-3.01909,GM/SS-133,2,2996525689.0
Meall Gainmheich,56.25471,-4.40738,GM/SS-134,2,270593887.0
Craigenreoch,55.1859,-4.61648,GM/SS-135,2,9991122299.0
Pikethaw Hill,55.27005,-2.99361,GM/SS-136,2,9314869843.0
Stob Odhar,55.91154,-5.49157,GM/SS-137,2,541568842.0
Cairnkinna Hill,55.29594,-3.90563,GM/SS-139,2,
Turner Cleuch Law,55.47264,-3.12881,GM/SS-140,2,1911608495.0
Beinn Ghlas,56.31818,-5.02278,GM/SS-141,2,2777666833.0
Scaw'd Fell,55.31195,-3.34171,GM/SS-142,2,3546857877.0
Trahenna Hill,55.62252,-3.37367,GM/SS-143,2,256944327.0
Deuchar Law,55.55576,-3.13502,GM/SS-144,2,1305282390.0
Penvalla,55.64237,-3.35115,GM/SS-145,2,256946278.0
Ellson Fell,55.2771,-2.9297,GM/SS-146,2,9277381952.0
Wether Hill,55.22491,-4.0509,GM/SS-147,2,
Meikle Says Law,55.84703,-2.67041,GM/SS-148,2,1319035038.0
Ben Clach,56.31322,-4.00727,GM/SS-149,2,2681104980.0
Craiglee,55.09174,-4.41213,GM/SS-150,2,2275837399.0
Beinn Bhreac,56.24382,-5.18458,GM/SS-151,2,2794525456.0
Craiglee,55.23667,-4.40652,GM/SS-152,2,338103357.0
Black Craig,55.94054,-5.01825,GM/SS-153,2,960873849.0
West Lomond,56.24546,-3.29684,GM/SS-154,2,88311362.0
Hill of Stake,55.8293,-4.7579,GM/SS-155,2,972647037.0
Nutberry Hill,55.58189,-3.99432,GM/SS-156,2,1436591157.0
Black Mount,55.69842,-3.46542,GM/SS-158,2,363607969.0
Beinn Ghlas,56.38171,-5.30985,GM/SS-159,2,2794504691.0
Beinn Chapull,56.32379,-5.33735,GM/SS-160,2,2794484349.0
Larriston Fell,55.22121,-2.67899,GM/SS-161,2,7359504742.0
Beinn Dubh,56.20633,-4.57389,GM/SS-162,2,1307242357.0
Stronend,56.0784,-4.20403,GM/SS-163,2,703259865.0
Kirkland Hill,55.42405,-4.00568,GM/SS-164,2,1356931285.0
Dungavel Hill,55.55722,-3.67758,GM/SS-165,2,294256053.0
Cruach an Lochain,56.09752,-5.13743,GM/SS-166,2,2794930922.0
Black Hill,55.85493,-3.29829,GM/SS-167,2,289254416.0
Law Kneis,55.40658,-3.11855,GM/SS-168,1,4228123736.0
Innerdouny Hill,56.2485,-3.56347,GM/SS-169,1,3613017308.0
Cairnsmore (Black Craig of Dee),55.0563,-4.21863,GM/SS-170,1,3271366807.0
Allermuir Hill,55.8825,-3.23718,GM/SS-171,1,243914880.0
Lamington Hill,55.55778,-3.58439,GM/SS-172,1,303148724.0
Carn Duchara,56.23814,-5.40191,GM/SS-173,1,2794493377.0
Common Hill,55.55573,-3.91678,GM/SS-174,1,3614679742.0
Carleatheran,56.10157,-4.11103,GM/SS-175,1,1255839437.0
Steele's Knowe,56.25324,-3.66489,GM/SS-176,1,3613043631.0
Wether Law,55.7221,-3.28366,GM/SS-177,1,
Craignell,55.04911,-4.33376,GM/SS-178,1,
Cacra Hill,55.44508,-3.08023,GM/SS-179,1,2683381681.0
Creachan Dubh,56.07113,-5.18948,GM/SS-180,1,2794950239.0
Fell of Fleet,55.01007,-4.2436,GM/SS-181,1,523370745.0
Spartleton,55.88182,-2.55593,GM/SS-182,1,1298458124.0
Cruach Lusach,55.99065,-5.55133,GM/SS-183,1,2104954558.0
Middlefield Law,55.55238,-4.09238,GM/SS-184,1,538535100.0
Beinn Lagan,56.15244,-5.02848,GM/SS-185,1,2794933550.0
Benbeoch,55.3456,-4.37415,GM/SS-186,1,4758157826.0
Bishop Hill,56.22494,-3.31528,GM/SS-187,1,3613039480.0
Beinn Dubh Airigh,56.18053,-5.29082,GM/SS-188,1,2794516548.0
Cruach nan Caorach,55.97471,-5.22071,GM/SS-189,1,2682571615.0
Lendrick Hill,56.21581,-3.58323,GM/SS-190,1,
Cairnharrow,54.87814,-4.28752,GM/SS-191,1,523370755.0
Craigowl Hill,56.54776,-3.01496,GM/SS-192,1,632452598.0
Beinn an Tuirc,55.56728,-5.56662,GM/SS-193,1,523461897.0
Cairn Hill,55.34387,-3.81194,GM/SS-194,1,
Mendick Hill,55.7402,-3.40072,GM/SS-195,1,363607917.0
Calkin Rig,55.17778,-3.11815,GM/SS-196,1,7369003380.0
Hownam Law,55.49075,-2.3235,GM/SS-197,1,1559307676.0
East Lomond,56.24223,-3.22125,GM/SS-198,1,88311358.0
Blackwood Hill,55.25768,-2.73832,GM/SS-199,1,
Cnoc Moy,55.37277,-5.77127,GM/SS-200,1,523257052.0
Beneraird,55.06601,-4.92148,GM/SS-201,1,617519106.0
Carn Dearg,56.31633,-5.40343,GM/SS-202,1,2794518931.0
Goseland Hill,55.6007,-3.47574,GM/SS-203,1,2689497886.0
Cruach nan Cuilean,56.0161,-5.14049,GM/SS-204,1,1132280656.0
Bogrie Hill,55.15247,-3.90159,GM/SS-205,1,528226220.0
Beinn na Lice,55.3124,-5.77939,GM/SS-206,1,523257072.0
Beinn Dearg,56.20572,-4.27657,GM/SS-207,1,843814302.0
White Meldon,55.67279,-3.2428,GM/SS-208,1,1270620231.0
Broomy Law,55.67078,-3.45561,GM/SS-209,1,367563065.0
Rubers Law,55.43224,-2.66477,GM/SS-210,1,1401007680.0
Sell Moor Hill,55.69089,-2.82812,GM/SS-211,1,2195187481.0
Meigle Hill,55.61472,-2.84897,GM/SS-212,1,2198931606.0
Cnoc a'Bhaile-shios,55.81161,-5.41113,GM/SS-213,1,539457613.0
Eildon Mid Hill,55.58217,-2.71824,GM/SS-214,1,373846802.0
Beinn Ghlas,56.14372,-5.23816,GM/SS-215,1,2794510017.0
Dumyat,56.15766,-3.8766,GM/SS-216,1,29345919.0
Fell Hill,55.13812,-4.00645,GM/SS-217,1,528226184.0
Cruach Tairbeirt,56.21539,-4.72256,GM/SS-218,1,376553014.0
Cademuir Hill,55.62689,-3.20561,GM/SS-219,1,3610808631.0
Blaeloch Hill,55.75927,-4.80126,GM/SS-220,1,3054677501.0
Birnam Hill - King's Seat,56.54355,-3.57575,GM/SS-221,1,1080425226.0
Duncolm,55.966,-4.4515,GM/SS-222,1,3100590733.0
Craig of Monievreckie,56.18828,-4.34355,GM/SS-223,1,843516637.0
Bennan,55.07313,-3.84673,GM/SS-224,1,
Dirrington Great Law,55.78668,-2.48257,GM/SS-225,1,2195181667.0
Sgreadan Hill,55.50743,-5.57888,GM/SS-226,1,523453311.0
Torlum,56.35061,-3.91251,GM/SS-227,1,29621284.0
Bishop Forest Hill,55.09777,-3.80516,GM/SS-228,1,526816008.0
Bengairn,54.87026,-3.91732,GM/SS-229,1,769393253.0
The Slate,55.3855,-5.73726,GM/SS-230,1,523257099.0
Deadh Choimhead,56.40532,-5.32915,GM/SS-231,1,2794500173.0
Pibble Hill,54.91775,-4.28904,GM/SS-232,1,
Cruach na Seilcheig,56.24343,-5.46427,GM/SS-233,1,2794507920.0
Dumglow,56.15225,-3.48911,GM/SS-234,1,29344246.0
King's Seat,56.48284,-3.25087,GM/SS-235,1,2498711618.0
Corse Hill,55.69138,-4.23132,GM/SS-236,1,1210840863.0
A'Chruach,56.34286,-5.39375,GM/SS-237,1,2794484345.0
Bengray,54.91424,-4.13786,GM/SS-238,1,
Conic Hill,56.09859,-4.52108,GM/SS-239,1,255149461.0
The Fruin,56.04677,-4.76912,GM/SS-240,1,957522793.0
Wauk Hill,55.19914,-3.82208,GM/SS-241,1,338454310.0
Benarty Hill,56.16605,-3.36423,GM/SS-242,1,29343816.0
Beinn Ghuilean,55.39495,-5.58723,GM/SS-243,1,523373212.0
Belling Hill,55.39919,-2.56677,GM/SS-244,1,1960250702.0
White Top of Culreoch,54.94534,-4.18634,GM/SS-245,1,2682545829.0
Ailsa Craig,55.2528,-5.1184,GM/SS-246,1,530944284.0
Cruach nam Fearna,56.2784,-5.51789,GM/SS-247,1,2794508788.0
Beinn Bhan,56.14268,-5.45131,GM/SS-248,1,2794505500.0
Grange Fell,55.12595,-3.18705,GM/SS-249,1,3546857841.0
Mochrum Fell,55.05335,-3.99914,GM/SS-250,1,
Ben Bowie,56.01005,-4.66431,GM/SS-251,1,2777737486.0
Cnoc nam Broighleag,56.09182,-5.31287,GM/SS-252,1,2794525911.0
Black Hill,55.62494,-2.65981,GM/SS-253,1,373846809.0
Cairnpapple Hill,55.92276,-3.62177,GM/SS-254,1,
Tom an t-Saighdeir,56.28609,-5.2782,GM/SS-255,1,2794517721.0
Grey Hill,55.19525,-4.88497,GM/SS-256,1,617336546.0
Meall an Fhithich,56.39305,-5.14564,GM/SS-258,1,2794520881.0
Largo Law,56.23388,-2.92581,GM/SS-259,1,91610621.0
Brown Carrick Hill,55.40738,-4.7126,GM/SS-260,1,
Bainloch Hill,54.89627,-3.72692,GM/SS-261,1,530835426.0
Norman's Law,56.36917,-3.12666,GM/SS-262,1,98249366.0
Linton Hill,55.54483,-2.33854,GM/SS-263,1,1644888527.0
Knock of Crieff,56.38934,-3.82699,GM/SS-264,1,1398932052.0
Windy Hill,55.88202,-5.1295,GM/SS-265,1,1141861246.0
Cnoc Reamhar,56.06179,-5.58939,GM/SS-266,1,
Knockdolian,55.12163,-4.96029,GM/SS-267,1,530257467.0
Dun Leacainn,56.16655,-5.16872,GM/SS-268,1,
Woodhead Hill,55.02468,-3.67908,GM/SS-269,1,3482650899.0
Cruach Lerags,56.37438,-5.50261,GM/SS-270,1,
Turin Hill,56.67115,-2.79355,GM/SS-271,1,3613040957.0
Arthur's Seat,55.94408,-3.16182,GM/SS-272,1,31209291.0
See Morris Hill,55.08391,-3.72018,GM/SS-274,1,
Cairnie Hill,56.32631,-3.16696,GM/SS-275,1,95017338.0
Moncreiffe Hill,56.36419,-3.40049,GM/SS-276,1,29621628.0
Mount Hill,56.33598,-3.08377,GM/SS-277,1,2582371655.0
Beinn Mhor,56.3353,-5.56332,GM/SS-278,1,2794522549.0
Carn Breugach,56.39198,-5.54161,GM/SS-279,1,2794510724.0
North Berwick Law,56.04882,-2.71376,GM/SS-280,1,320730229.0
Cairn Pat,54.86363,-5.04889,GM/SS-281,1,
East Cairn Hill,55.81923,-3.39314,GM/SS-282,2,363604910.0
Coraddie,55.95411,-5.12492,GM/SS-283,2,
Creag na Ciche,56.49688,-3.6491,GM/SS-284,1,2416107188.0
Killyleoch Hill,55.11999,-3.75992,GM/SS-285,1,8154206770.0
Lamberton Hill,55.82107,-2.0903,GM/SS-286,1,2377828135.0
Kirriereoch Hill,55.15165,-4.47965,GM/SS-287,4,
Creag na h-Eararuidh [Stuc na Cabaig],56.34503,-4.12896,GM/SS-288,4,2415227483.0
White Hill,55.13499,-3.50992,GM/SS-289,1,2856803263.0
Ben Nevis,56.79689,-5.00367,GM/WS-001,10,8870212.0
Aonach Beag,56.8,-4.95412,GM/WS-002,10,55291623.0
Carn Mor Dearg,56.80524,-4.98662,GM/WS-003,10,8870272.0
Carn Eige,57.2877,-5.11516,GM/WS-004,10,270089442.0
Stob Choire Claurigh,56.82379,-4.84962,GM/WS-005,10,255392111.0
Sgurr nan Ceathreamhnan,57.25491,-5.22273,GM/WS-006,10,
Bidean nam Bian,56.64277,-5.02934,GM/WS-007,10,
Sgurr na Lapaich,57.36931,-5.05973,GM/WS-008,10,2114939824.0
Ben Alder,56.8138,-4.46509,GM/WS-009,10,255421241.0
Geal-Charn,56.83784,-4.50969,GM/WS-010,10,255419607.0
Binnein Mor,56.75438,-4.9258,GM/WS-011,10,255378148.0
An Riabhachan,57.36244,-5.10473,GM/WS-012,10,270089059.0
Ben Cruachan,56.42684,-5.13183,GM/WS-013,10,259032678.0
A'Chralaig,57.18419,-5.15484,GM/WS-014,10,
Stob Coire Easain,56.8182,-4.77371,GM/WS-015,10,255386891.0
Sgurr nan Conbhairean,57.17762,-5.09541,GM/WS-016,10,255704395.0
Meall a'Bhuiridh,56.61222,-4.85213,GM/WS-017,10,259450580.0
Mullach Fraoch-choire,57.20538,-5.15565,GM/WS-018,10,255703628.0
Creise,56.61445,-4.87199,GM/WS-019,8,259450630.0
Sgurr a'Mhaim,56.75592,-5.00369,GM/WS-020,8,772986891.0
Sgurr Choinnich Mor,56.80043,-4.90396,GM/WS-021,8,255392113.0
Stob Ghabhar,56.5681,-4.8821,GM/WS-022,8,259451303.0
Beinn a'Chlachair,56.86953,-4.50968,GM/WS-023,8,255420452.0
Sgurr a'Choire Ghlais,57.44429,-4.90376,GM/WS-024,8,269515434.0
Ben Starav,56.53892,-5.04975,GM/WS-025,8,362875134.0
An Socach,57.35023,-5.1586,GM/WS-026,8,270089060.0
Sgurr Fhuaran,57.19615,-5.34765,GM/WS-027,8,
Liathach - Spidean a'Choire Leith,57.56419,-5.46361,GM/WS-028,8,727741678.0
Toll Creagach,57.30923,-4.99995,GM/WS-029,8,270089061.0
Sgurr a'Chaorachain,57.4525,-5.1893,GM/WS-030,8,269514445.0
Geal Charn,56.89776,-4.45724,GM/WS-031,8,255420454.0
Chno Dearg,56.83009,-4.66083,GM/WS-032,8,255397862.0
Stob Coir'an Albannaich,56.5549,-4.97981,GM/WS-033,8,259451745.0
Sgurr na Ciche,57.01347,-5.4569,GM/WS-034,8,255592319.0
Sgurr a'Bhealaich Dheirg,57.17783,-5.25218,GM/WS-035,8,255702574.0
Gleouraich,57.09716,-5.23804,GM/WS-036,8,255706428.0
Am Bodach,56.74173,-4.98339,GM/WS-037,8,255376353.0
Carn Dearg,56.85524,-4.45469,GM/WS-038,8,255419608.0
Beinn Fhada,57.221,-5.2835,GM/WS-039,8,
Sgurr a'Mhaoraich,57.10585,-5.33051,GM/WS-040,8,260172914.0
Sgurr na Ciste Duibhe,57.18092,-5.33713,GM/WS-041,8,255701505.0
Beinn a'Bheithir - Sgorr Dhearg,56.65392,-5.17151,GM/WS-042,8,255395921.0
Liathach - Mullach an Rathain,57.56087,-5.4925,GM/WS-043,8,727741978.0
Buachaille Etive Mor - Stob Dearg,56.64623,-4.90033,GM/WS-044,8,
Aonach air Chrith,57.12464,-5.22129,GM/WS-045,8,255699101.0
Ladhar Bheinn,57.07526,-5.59174,GM/WS-046,8,255590908.0
Beinn Bheoil,56.81327,-4.43066,GM/WS-047,8,255421242.0
Garbh Chioch Mhor,57.00856,-5.44432,GM/WS-048,8,255592320.0
Sgurr Eilde Mor,56.75002,-4.89544,GM/WS-049,8,255378339.0
Sgurr an Doire Leathain,57.13688,-5.28153,GM/WS-050,8,1286022802.0
The Saddle,57.1624,-5.41472,GM/WS-051,8,
Beinn Eighe - Ruadh-stac Mor,57.59373,-5.42945,GM/WS-052,8,266821658.0
Maoile Lunndaidh,57.45957,-5.11765,GM/WS-053,8,2440429205.0
Beinn Fhionnlaidh,57.30598,-5.12991,GM/WS-054,8,270089385.0
Sgurr Mor,57.02845,-5.35419,GM/WS-055,8,273872136.0
Aonach Meadhoin,57.17303,-5.22917,GM/WS-056,8,255702756.0
Beinn a'Bheithir - Sgorr Dhonuill,56.6505,-5.19776,GM/WS-057,8,255395920.0
Stob Ban,56.74371,-5.03033,GM/WS-058,6,255374527.0
Glas Bheinn Mhor,56.54242,-5.00527,GM/WS-059,6,259451975.0
Spidean Mialach,57.08896,-5.19361,GM/WS-060,6,255705455.0
Sgor na h-Ulaidh,56.6198,-5.08006,GM/WS-061,6,255396259.0
Sgurr na Ruaidhe,57.4415,-4.85247,GM/WS-062,6,1972712481.0
Beinn Eighe - Spidean Coire nan Clach,57.5821,-5.40371,GM/WS-063,6,266821659.0
Carn nan Gobhar,57.3633,-5.02454,GM/WS-064,6,270088038.0
Beinn Eunaich,56.45035,-5.02664,GM/WS-065,6,252100378.0
Gaor Bheinn (Gulvain),56.93621,-5.28451,GM/WS-066,6,255385279.0
Lurg Mhor,57.41309,-5.22367,GM/WS-067,6,269514668.0
Beinn Alligin - Sgurr Mhor,57.59082,-5.57276,GM/WS-068,6,268239547.0
An Gearanach,56.75917,-4.96623,GM/WS-069,6,255377479.0
Ciste Dhubh,57.19923,-5.20903,GM/WS-070,6,255703624.0
Beinn a'Chochuill,56.44978,-5.06854,GM/WS-071,6,5077016253.0
Stob Ban,56.81066,-4.84088,GM/WS-072,6,255392112.0
Beinn Sgritheall,57.15382,-5.57971,GM/WS-073,6,273862724.0
Aonach Eagach - Sgor nam Fiannaidh,56.67937,-5.03713,GM/WS-074,6,25697072.0
Sgurr Thuilm,56.93706,-5.38921,GM/WS-075,6,255385447.0
Beinn nan Aighenan,56.52022,-5.01125,GM/WS-076,6,259452109.0
Sgorr Ruadh,57.49862,-5.40775,GM/WS-077,6,268243031.0
Beinn Fhionnlaidh,56.60098,-5.10475,GM/WS-078,6,255396258.0
Buachaille Etive Beag - Stob Dubh,56.63816,-4.97075,GM/WS-079,6,255395462.0
Sgurr nan Coireachan,56.93573,-5.44855,GM/WS-080,6,255385573.0
Sgor Gaibhre,56.77255,-4.5465,GM/WS-081,6,493458939.0
Sgurr nan Coireachan,57.00716,-5.40544,GM/WS-082,6,255593028.0
Stob a'Choire Odhair,56.57331,-4.8383,GM/WS-083,6,259451142.0
Meall Buidhe,57.03155,-5.54633,GM/WS-084,6,255591522.0
Sgurr na Sgine,57.1471,-5.39663,GM/WS-085,6,255701130.0
Bidein a'Choire Sheasgaich,57.41972,-5.25047,GM/WS-086,6,269514669.0
Binnein Beag,56.76696,-4.91116,GM/WS-087,6,2640192589.0
Carn Dearg,56.75993,-4.58989,GM/WS-088,6,348085831.0
Luinne Bheinn,57.04832,-5.51361,GM/WS-089,6,
Beinn Sgulaird,56.56623,-5.17036,GM/WS-090,6,255396737.0
Beinn na Lap,56.78939,-4.65999,GM/WS-091,6,348086253.0
Sron a'Choire Ghairbh,57.00784,-4.92875,GM/WS-092,6,
Maol Chean-dearg,57.4917,-5.46555,GM/WS-093,6,268243334.0
Meall nan Eun,56.56118,-4.94293,GM/WS-094,6,259451680.0
Moruisg,57.49971,-5.17063,GM/WS-095,6,269514202.0
Buachaille Etive Beag-Stob Coire Raineach,56.64989,-4.9516,GM/WS-096,6,255395463.0
Beinn Liath Mhor,57.51208,-5.40062,GM/WS-097,6,268243032.0
Beinn Alligin - Tom na Gruagaich,57.58052,-5.58191,GM/WS-098,6,268239549.0
Gairich,57.04488,-5.25583,GM/WS-099,6,260174231.0
Creag nan Damh,57.14726,-5.33496,GM/WS-100,6,255700657.0
A'Ghlas-bheinn,57.25508,-5.30369,GM/WS-101,6,273868753.0
Meall na Teanga,56.98901,-4.93095,GM/WS-102,6,255697283.0
Sgurr nan Ceannaichean,57.48231,-5.19232,GM/WS-103,6,269514203.0
Beinn Dearg,57.58818,-5.52287,GM/WS-104,6,
Sgurr a'Choire-bheithe,57.05722,-5.4713,GM/WS-105,6,901504752.0
The Fara,56.92837,-4.30485,GM/WS-106,6,2702970186.0
Streap,56.923,-5.37554,GM/WS-107,6,748030440.0
Beinn Maol Chaluim,56.62786,-5.04194,GM/WS-108,6,2411011603.0
Fuar Tholl,57.48537,-5.37919,GM/WS-109,6,268243033.0
Leum Uilleim,56.73893,-4.73076,GM/WS-110,6,653656201.0
Beinn Damh,57.49285,-5.51815,GM/WS-111,6,683596403.0
Ben Tee,57.03223,-4.90071,GM/WS-112,6,1987043553.0
Sgurr an Fhuarain,57.02887,-5.31788,GM/WS-113,6,2691136224.0
Aonach Buidhe,57.34116,-5.22931,GM/WS-114,4,1970351681.0
Beinn a'Bhuiridh,56.40908,-5.09028,GM/WS-115,4,264323644.0
Ruadh-stac Beag,57.59638,-5.39397,GM/WS-116,4,334519658.0
Beinn Bhan,57.44235,-5.66169,GM/WS-117,4,662438002.0
Sgurr nan Eugallt,57.08796,-5.42264,GM/WS-118,4,
An Ruadh-stac,57.47498,-5.46827,GM/WS-119,4,1967326086.0
Aonach Shasuinn,57.21638,-5.02685,GM/WS-120,4,
Sgurr Dhomhnuill,56.75466,-5.45379,GM/WS-121,4,649113376.0
Ben Aden,57.03074,-5.46314,GM/WS-122,4,899683825.0
Meall a'Ghiubhais,57.61518,-5.3902,GM/WS-123,4,1970318961.0
Garbh Bheinn,56.70445,-5.42501,GM/WS-125,4,606965647.0
Stob Dubh,56.59541,-4.98811,GM/WS-126,4,2411011616.0
Beinn Odhar Bheag,56.84221,-5.53239,GM/WS-127,4,746630702.0
Rois-Bheinn,56.83763,-5.68043,GM/WS-128,4,746540015.0
Sgurr Mhurlagain,56.99847,-5.27368,GM/WS-129,4,2704159107.0
Fraochaidh,56.61568,-5.21362,GM/WS-130,4,807765599.0
Sgurr a'Mhuilinn,57.55838,-4.90229,GM/WS-131,4,
Sguman Coinntich,57.31879,-5.3613,GM/WS-132,4,1970351694.0
Baosbheinn,57.62825,-5.56862,GM/WS-133,4,773888324.0
Sgurr na Ba Glaise,56.83744,-5.65687,GM/WS-134,4,746539965.0
Sgorr nan Lochan Uaine,57.52277,-5.39326,GM/WS-135,4,1970325172.0
Meall na Meoig,56.74361,-4.53898,GM/WS-136,4,2704015783.0
Faochaig,57.33292,-5.28804,GM/WS-137,4,1970351678.0
Garbh Bheinn,56.69659,-4.99143,GM/WS-138,4,665671966.0
Bidein a'Chabair,56.98035,-5.47552,GM/WS-139,4,
Beinn Mhic Chasgaig,56.61006,-4.89948,GM/WS-140,4,2411011596.0
Carn a'Choire Ghairbh,57.2226,-5.08763,GM/WS-141,4,1972723934.0
Beinn Tharsuinn,57.43867,-5.24195,GM/WS-142,4,269514857.0
Sgurr na Feartaig,57.45705,-5.24365,GM/WS-143,4,
Beinn a'Bha'ach Ard,57.45193,-4.73392,GM/WS-144,4,1972712482.0
Fraoch Bheinn,56.99347,-5.31691,GM/WS-145,4,2704159111.0
Beinn a'Chrulaiste,56.6689,-4.86353,GM/WS-146,4,649794304.0
Cruach Innse,56.84683,-4.82194,GM/WS-147,4,2704152586.0
Beinn Bhuidhe,57.0101,-5.58915,GM/WS-148,4,1108150476.0
Beinn an Eoin,57.62284,-5.50978,GM/WS-149,4,1970299664.0
Creach Bheinn,56.66198,-5.4762,GM/WS-150,4,649778693.0
Bac an Eich,57.49576,-4.96827,GM/WS-151,4,1415969743.0
Sgurr Ghiubhsachain,56.81895,-5.48256,GM/WS-152,4,649113387.0
Beinn Resipol,56.72719,-5.65261,GM/WS-153,4,649778695.0
Sgurr an Airgid,57.24858,-5.41551,GM/WS-154,4,2704346819.0
Beinn Trilleachan,56.54798,-5.11443,GM/WS-155,4,663116303.0
Beinn Udlaidh,56.46007,-4.79255,GM/WS-156,4,
Meallan nan Uan,57.54692,-4.90303,GM/WS-157,4,1415969746.0
Sgurr Gaorsaic,57.24526,-5.25694,GM/WS-158,4,2704347637.0
Meall na h-Eilde,57.00704,-4.9896,GM/WS-159,4,
Sgurr Cos na Breachd-laoidh,56.99756,-5.37875,GM/WS-160,4,784754340.0
Carn Mor,56.96201,-5.45074,GM/WS-161,4,784749706.0
Sgorr na Diollaid,57.38424,-4.86,GM/WS-162,4,1972693655.0
An Sidhean,57.46181,-5.05078,GM/WS-163,4,1970335613.0
An Stac,56.85099,-5.67012,GM/WS-164,4,746539921.0
Creach Bheinn,56.53049,-5.21502,GM/WS-165,4,2415227617.0
Sgurr Innse,56.83331,-4.80398,GM/WS-166,4,2704152585.0
Beinn na h-Eaglaise,57.14863,-5.54869,GM/WS-167,4,1293690838.0
Geal Charn,57.0026,-5.03753,GM/WS-168,4,2704177907.0
Beinn Bhreac-liath,56.46672,-4.75652,GM/WS-169,4,
Am Bathach,57.17926,-5.18914,GM/WS-170,4,871799155.0
Beinn Dronaig,57.39157,-5.26794,GM/WS-171,4,1970356564.0
Beinn Mhic-Mhonaidh,56.47307,-4.90974,GM/WS-172,4,1189350937.0
Mam na Gualainn,56.71643,-5.08157,GM/WS-173,4,2689977774.0
Sgurr Coire Choinnichean,57.04764,-5.64392,GM/WS-174,4,785351564.0
Beinn Bhan,56.92525,-5.05684,GM/WS-175,4,2704050138.0
Sgurr an Utha,56.89872,-5.47448,GM/WS-176,4,746951849.0
Glas Bheinn,56.73608,-4.84789,GM/WS-177,4,648231579.0
Sgurr a'Ghaoiachain,57.41255,-5.67039,GM/WS-178,4,340053904.0
Druim nan Cnamh,57.12204,-5.08928,GM/WS-179,4,
Meall Dubh,57.12792,-4.90043,GM/WS-180,4,2704366572.0
Carn na Nathrach,56.7724,-5.46075,GM/WS-181,4,649113389.0
Beinn na Caillich,57.09827,-5.64034,GM/WS-182,4,2704041490.0
Beinn Mhic Cedidh,56.84985,-5.56306,GM/WS-183,4,746630617.0
Sgurr Dubh,57.54691,-5.37879,GM/WS-184,4,1970325170.0
Sgurr Mhic Bharraich,57.19958,-5.44869,GM/WS-185,4,1296113079.0
Sgorr Craobh a'Chaorainn,56.82583,-5.45052,GM/WS-186,4,649113385.0
Meall a'Phubuill,56.91801,-5.23903,GM/WS-187,4,2691123328.0
Beinn nan Caorach,57.15047,-5.52043,GM/WS-188,4,1293691425.0
Meall Lighiche,56.62848,-5.1075,GM/WS-189,4,648233776.0
Stob Coire a'Chearcaill,56.80325,-5.24961,GM/WS-190,4,649113434.0
Druim Tarsuinn,56.7975,-5.48213,GM/WS-191,4,2700225211.0
Fuar Bheinn,56.64949,-5.50307,GM/WS-192,4,649778694.0
Braigh nan Uamhachan,56.92688,-5.32867,GM/WS-193,4,901504766.0
Beinn na h-Uamha,56.74278,-5.40752,GM/WS-194,4,649113378.0
Sgurr a'Chaorainn,56.7398,-5.44352,GM/WS-195,4,
Beinn a'Chapuill,57.17319,-5.58289,GM/WS-196,4,
Sgurr Choinich,57.00776,-5.0849,GM/WS-197,4,
Binnein Shuas,56.90985,-4.52593,GM/WS-198,4,663113592.0
Druim Fada - Stob a'Ghrianain,56.89341,-5.14227,GM/WS-199,4,
Sgorr na Ciche (Pap of Glencoe),56.68882,-5.06289,GM/WS-200,4,3497194562.0
Stob na Cruaiche,56.67692,-4.67265,GM/WS-201,4,1158419768.0
Cnap Cruinn,56.85766,-4.78515,GM/WS-202,4,2704153287.0
Beinn Mheadhoin,56.60307,-5.58735,GM/WS-203,4,2723859289.0
Beinn na h-Eaglaise,57.51296,-5.49321,GM/WS-204,4,
Beinn Bheag,56.71674,-5.40937,GM/WS-205,4,2723842262.0
Druim na Sgriodain,56.73819,-5.3069,GM/WS-206,4,
Glas Bheinn,56.98195,-5.0106,GM/WS-207,4,2704177904.0
Sgurr a'Gharaidh,57.44017,-5.52731,GM/WS-208,4,358485891.0
Carnan Cruithneachd,57.27891,-5.32862,GM/WS-209,4,1432612795.0
Mullach Coire nan Geur-oirean,56.95351,-5.20963,GM/WS-210,4,2712693549.0
Beinn Bhreac,56.51776,-5.23855,GM/WS-211,4,2781012026.0
Beinn a'Chearcaill,57.61622,-5.46576,GM/WS-212,4,
Meall nan Damh,56.81526,-5.41027,GM/WS-213,4,2723819290.0
Stob Mhic Bheathain,56.78713,-5.4165,GM/WS-214,4,
An Stac,56.94209,-5.5086,GM/WS-215,4,2712691363.0
Beinn Mheadhonach,56.48238,-5.21722,GM/WS-216,4,2780959094.0
Druim Fada,57.1176,-5.4791,GM/WS-217,4,2712197691.0
Meith Bheinn,56.92517,-5.58142,GM/WS-218,4,2712672466.0
Beinn nan Lus,56.493,-5.03797,GM/WS-219,4,2781540016.0
Carn a'Chaochain,57.21674,-4.92435,GM/WS-220,4,1987027446.0
An Cruachan,57.37325,-5.1719,GM/WS-221,4,2712820722.0
Meall Garbh,56.48682,-4.97703,GM/WS-222,4,2781530956.0
Sgurr nan Cnamh,56.72255,-5.45535,GM/WS-223,4,2723840503.0
Slat Bheinn,57.06816,-5.44906,GM/WS-224,4,901504731.0
Meall Fuar-mhonaidh,57.26445,-4.56003,GM/WS-225,2,481338204.0
Beinn na Muice,57.41741,-4.96746,GM/WS-226,2,1415905340.0
Beinn Molurgainn,56.51084,-5.22022,GM/WS-227,2,2780959118.0
Meall Onfhaidh,56.9052,-5.2691,GM/WS-228,2,
Carn Mhic an Toisich,57.22673,-4.80016,GM/WS-229,2,1987027440.0
Meall a'Chrathaich,57.25999,-4.71948,GM/WS-230,2,2712850677.0
Meall na Faochaig,57.52901,-4.91191,GM/WS-231,2,1415969745.0
Carn na Breabaig,57.32087,-5.21244,GM/WS-232,2,2712820723.0
Carn Breac,57.52575,-5.26444,GM/WS-233,2,
Meall Mor,56.65697,-5.09143,GM/WS-234,2,772769276.0
Beinn Suidhe,56.51839,-4.90835,GM/WS-235,2,2415227462.0
Carn Gorm,57.37925,-4.78176,GM/WS-236,2,1186469821.0
Carn na Coinnich,57.51853,-4.79911,GM/WS-237,2,2713643111.0
An Ruadh-mheallan,57.59114,-5.6222,GM/WS-238,2,2714056551.0
Binnein Shios,56.93813,-4.47931,GM/WS-239,2,663113997.0
Meall nan Eun,57.09016,-5.46188,GM/WS-240,2,
Beinn Gaire,56.81236,-5.63685,GM/WS-241,2,2700236513.0
Meall Tairbh,56.49774,-4.84304,GM/WS-242,2,
Sgorr a'Choise,56.64885,-5.12603,GM/WS-243,2,772770382.0
Aodann Chleireig,56.89078,-5.29374,GM/WS-244,2,
Beinn Mheadhoin,57.48659,-4.90635,GM/WS-245,2,
Croit Bheinn,56.83561,-5.59028,GM/WS-246,2,
Meall nan Eagan,56.95712,-4.30908,GM/WS-247,2,1269212767.0
Meall Blair,57.00639,-5.16757,GM/WS-248,2,2712582680.0
Beinn na Cille,56.63047,-5.50051,GM/WS-249,2,2700164357.0
Glas-bheinn Mhor,57.27221,-4.59393,GM/WS-250,2,
Sgorr Mhic Eacharna,56.71298,-5.38603,GM/WS-251,2,2723849253.0
Beinn Donachain,56.44258,-4.92323,GM/WS-252,2,
Beinn na Cloiche,56.74379,-4.8064,GM/WS-253,2,
Biod an Fhithich,57.17754,-5.39175,GM/WS-254,2,2712262809.0
Beinn Clachach,57.14031,-5.49566,GM/WS-255,2,6991716752.0
Beinn na Sroine,56.41954,-4.86473,GM/WS-256,2,
Glas Bheinn,56.82766,-5.37859,GM/WS-257,2,
Glas-charn,56.89482,-5.53758,GM/WS-258,2,2712671800.0
Beinn a'Chlachain,57.47439,-5.79751,GM/WS-259,2,2130099982.0
Beinn na Feusaige,57.53782,-5.19248,GM/WS-260,2,
Tom Meadhoin,56.71136,-5.12653,GM/WS-261,2,
Creag Ghuanach,56.78144,-4.78421,GM/WS-262,2,2412451699.0
Beinn na Gucaig,56.73928,-5.16877,GM/WS-263,2,1310672943.0
Creag Dhubh Mhor,57.40976,-5.35987,GM/WS-264,2,2713715429.0
Beinn a'Mheadhoin,57.28579,-4.9572,GM/WS-265,2,1987027434.0
Burach,57.18953,-4.67755,GM/WS-266,2,1987043558.0
Beinn a'Chuirn,57.23899,-5.53133,GM/WS-267,2,2415676832.0
Sidhean Mor,56.91508,-5.7317,GM/WS-268,2,2712676289.0
Meallan Odhar Doire nan Gillean,57.39293,-5.06971,GM/WS-269,2,2713918294.0
Beinn Dubh an Iaruinn,57.40694,-5.02743,GM/WS-270,2,2713881462.0
Cruban Beag,57.00399,-4.19376,GM/WS-271,2,1269212989.0
Beinn Mheadhonach,56.54342,-5.15038,GM/WS-272,2,2415227692.0
Druim a'Chuirn,56.93865,-5.57337,GM/WS-273,2,2712693550.0
Beinn nam Beathrach,56.65299,-5.6686,GM/WS-274,2,
Sgurr Marcasaidh,57.59336,-4.75546,GM/WS-275,2,2713638530.0
Druim Leathad nam Fias,56.77919,-5.3473,GM/WS-276,2,2723847416.0
Creag na Doire Duibhe,56.98562,-4.28074,GM/WS-277,2,
Beinn nan Cabar,56.91629,-5.67293,GM/WS-278,2,2712691683.0
Beinn a'Chuirn,56.49407,-4.89765,GM/WS-279,2,
Doire Ban,56.73185,-5.12296,GM/WS-280,2,1310941221.0
Meall a'Bhainne,56.85051,-5.44298,GM/WS-281,2,2700225213.0
Beinn Duirinnis,56.46334,-5.21377,GM/WS-282,2,2780959112.0
Sidhean na Raplaich,56.5973,-5.85245,GM/WS-283,2,2723860585.0
An Grianan,56.58278,-5.13577,GM/WS-284,2,2415227533.0
Beinn Churalain,56.56395,-5.27219,GM/WS-285,2,2781008068.0
Leathad Mor,56.62289,-4.64466,GM/WS-286,2,
Beinn Mhialairigh,57.15369,-5.63889,GM/WS-287,2,2712255007.0
Carn a'Ghobhair,57.00233,-5.76131,GM/WS-288,2,2712669262.0
Meall Sguman,57.28813,-5.28255,GM/WS-289,2,2712820719.0
Creag Dhubh,57.25102,-4.94378,GM/WS-290,2,1987027469.0
Creag Loch nan Dearcag,57.56983,-4.78829,GM/WS-291,2,2713707509.0
Ben Shieldaig,57.50982,-5.61837,GM/WS-292,2,
Bidein Bad na h-Iolaire,56.7905,-5.08797,GM/WS-293,2,2415158467.0
Ben Hiant,56.69598,-6.02347,GM/WS-294,2,649778696.0
Druim na Cluain-airighe,57.06714,-5.71045,GM/WS-295,2,2712289244.0
Meall Luidh Mor,56.88173,-4.59961,GM/WS-296,2,
An Staonach,57.47101,-5.62055,GM/WS-297,2,2130099841.0
An Sleaghach,56.52938,-5.63614,GM/WS-298,2,2723869296.0
Ben Laga,56.69117,-5.84665,GM/WS-299,2,
Sron Smeur,56.70749,-4.53063,GM/WS-300,2,2792038457.0
Creag Bhan,56.90016,-5.64327,GM/WS-301,2,2712690376.0
Beinn Leamhain,56.7075,-5.33882,GM/WS-302,2,
Glas Bheinn,56.58786,-4.72625,GM/WS-303,2,1247759480.0
Carn a'Bhodaich,57.40538,-4.38201,GM/WS-304,2,1987027464.0
Meall Mor,56.58527,-4.76458,GM/WS-305,1,1158421082.0
Meall nan Each,56.71019,-5.87055,GM/WS-306,1,1240047369.0
Carn nan Iomairean,57.35938,-5.46941,GM/WS-307,1,2713708368.0
Beinn Chlaonleud,56.62615,-5.6726,GM/WS-308,1,2723870904.0
A'Bheinn Bhan,56.74486,-5.36081,GM/WS-309,1,2723848102.0
Beinn Donn,56.57688,-5.32089,GM/WS-310,1,2780998915.0
Meall an t-Slamain,56.81684,-5.16205,GM/WS-311,1,2723843743.0
Beinn Sgluich,56.60886,-5.31488,GM/WS-312,1,1158415915.0
Bidein Clann Raonaild,57.58071,-5.257,GM/WS-313,1,2714392609.0
Meall na h-Eilrig,57.36044,-4.43362,GM/WS-314,1,1987027471.0
Beinn na h-Uamha,56.6153,-5.77943,GM/WS-315,1,2723874818.0
Carn Fiaclach,57.30325,-4.8585,GM/WS-316,1,
Carn nam Bad,57.36762,-4.65923,GM/WS-317,1,1518775937.0
Beinn Conchra,57.30404,-5.50908,GM/WS-318,1,2415676817.0
Auchtertyre Hill,57.29951,-5.59945,GM/WS-319,1,677434312.0
Sgurr Bhuidhe,56.9861,-5.74997,GM/WS-320,1,
Seana Mheallan,57.53862,-5.46207,GM/WS-321,1,2130099866.0
Beinn a'Chaisil,56.56859,-5.61411,GM/WS-322,1,2723877878.0
Meall nan Con,56.73785,-6.08321,GM/WS-323,1,1240047233.0
Meall an Doirein,57.71734,-5.59631,GM/WS-324,1,2714049770.0
Beinn a'Mheadhoin,57.30247,-5.45696,GM/WS-325,1,2712796098.0
Beinn a'Chaoinich,57.20617,-5.54507,GM/WS-326,1,2712239998.0
Creag Mhor,57.32657,-5.48489,GM/WS-327,1,2713718057.0
Meall Lochan a'Chleirich,57.68394,-5.57102,GM/WS-328,1,2347698769.0
Bad a'Chreamha,57.36969,-5.56449,GM/WS-329,1,2415676789.0
An Sgurr,57.38845,-5.5674,GM/WS-331,1,2415676825.0
Meall Innis an Loichel,57.40543,-4.99085,GM/WS-332,1,
Carn Faire nan Con,57.59406,-4.68592,GM/WS-333,1,2713707268.0
Beinn na Seilg,56.69999,-6.15358,GM/WS-335,1,
Beinn Lora,56.48568,-5.38083,GM/WS-336,1,2781008982.0
An Cuaidh,57.83563,-5.76664,GM/WS-337,1,2714063954.0
Cruach Doir'an Raoigh,56.87946,-5.7195,GM/WS-338,1,1103444663.0
Druim na h-Earba,56.79408,-5.12843,GM/WS-339,1,3473929538.0
Beinn a'Bhaillidh,56.7994,-5.85199,GM/WS-340,1,31773664.0
Ardsheal Hill,56.66032,-5.27278,GM/WS-341,1,807771086.0
Torr Achilty,57.55913,-4.59642,GM/WS-342,1,2713711910.0
Beinn Bhreac,56.77738,-5.79661,GM/WS-343,1,1240047430.0
Sgurr na Dubh-chreige,56.97737,-5.80192,GM/WS-345,1,2712694228.0
Airds Hill,56.55885,-5.37631,GM/WS-346,1,
Cruachan Charna,56.66178,-5.88816,GM/WS-347,1,1240047270.0
Buidhe Bheinn,57.12713,-5.36645,GM/WS-348,4,1292157221.0
Glas Bheinn,57.24331,-5.61206,GM/WS-349,1,
Sithean Mor [Sidhean Mor],57.70364,-5.63374,GM/WS-350,1,
Na Maoilean,56.48336,-5.28974,GM/WS-351,1,
Le Moulin (Sark),49.4312,-2.3624,GU/GU-001,1,5300406041.0
Guernsey Airport,49.4309,-2.5977,GU/GU-002,1,
Plynlimon-Pen Pumlumon Fawr,52.46696,-3.78305,GW/MW-001,6,29442634.0
Great Rhos - Rhos Fawr,52.26714,-3.19984,GW/MW-002,4,29274641.0
Drygarn Fawr,52.21214,-3.66571,GW/MW-003,4,
Pen y Garn,52.37912,-3.76651,GW/MW-004,4,1829074116.0
Llan Ddu Fawr - Waun Claerddu,52.31856,-3.77563,GW/MW-005,2,
Pegwn Mawr,52.42044,-3.43673,GW/MW-006,2,29723950.0
Banc Llechwedd-mawr,52.49269,-3.80513,GW/MW-007,2,29729454.0
Drosgol,52.47453,-3.82768,GW/MW-008,2,29441473.0
Beacon Hill - Mynydd Disglair,52.38298,-3.2114,GW/MW-009,2,
Gwaunceste Hill,52.19173,-3.23288,GW/MW-010,2,3921037245.0
Foel Cwmcerwyn,51.94617,-4.77457,GW/MW-011,2,1486112948.0
Carnedd Wen,52.67625,-3.59282,GW/MW-012,2,3102364943.0
Corndon Hill,52.5657,-3.02529,GW/MW-013,2,29731727.0
Garreg Lwyd,52.34779,-3.55443,GW/MW-014,1,29337519.0
Bryn Amlwg,52.5632,-3.59236,GW/MW-015,1,29731476.0
Pen y Garn-goch,52.13955,-3.63093,GW/MW-016,1,
Garreg-hir,52.56984,-3.47883,GW/MW-017,1,
Bryn y Fan,52.48389,-3.57529,GW/MW-018,1,29729494.0
Gwastedyn Hill,52.28409,-3.48672,GW/MW-019,1,
Esgair Ddu,52.68172,-3.66818,GW/MW-020,1,29739477.0
Mynydd Mallaen - Crugiau Merched,52.09337,-3.86667,GW/MW-021,1,11658124512.0
Aberedw Hill,52.14766,-3.33946,GW/MW-022,1,29272152.0
Carneddau,52.18716,-3.36192,GW/MW-023,1,29272150.0
Rhiw Gwraidd,52.26024,-3.44303,GW/MW-024,1,
The Begwns,52.09156,-3.2348,GW/MW-025,1,29271413.0
Long Mountain-Beacon Ring,52.64515,-3.08813,GW/MW-026,1,
Moel y Golfa,52.70578,-3.05116,GW/MW-027,1,417653092.0
Frenni Fawr,51.98352,-4.61827,GW/MW-028,1,2175023820.0
Hafod Ithel,52.29069,-4.03855,GW/MW-029,1,7023797101.0
Stingwern Hill,52.60395,-3.28187,GW/MW-030,1,
Caeliber Isaf,52.53286,-3.16364,GW/MW-031,1,29730535.0
Upper Park,52.63911,-3.19879,GW/MW-032,1,
Mynydd Carningli,51.99959,-4.82402,GW/MW-033,1,294491611.0
Mynydd Cynros,51.97547,-4.00973,GW/MW-034,1,1284448544.0
Rhos Ymryson,52.12693,-4.25062,GW/MW-035,1,
Pen-crug-melyn,51.93484,-4.17936,GW/MW-036,1,
Brandy Hill,51.79048,-4.5919,GW/MW-037,1,
Disgwylfa Fawr,52.44599,-3.85931,GW/MW-038,2,29728787.0
Cefn Cenarth,52.37469,-3.51585,GW/MW-039,1,11929529430.0
Carn Gafallt,52.26971,-3.55475,GW/MW-040,1,29273710.0
Snowdon - Yr Wyddfa,53.0685,-4.07623,GW/NW-001,10,8755297244.0
Carnedd Llewelyn,53.16017,-3.97033,GW/NW-002,10,761497974.0
Glyder Fawr,53.10147,-4.02916,GW/NW-003,10,29580545.0
Y Garn,53.11569,-4.04708,GW/NW-004,8,330435067.0
Elidir Fawr,53.13065,-4.07643,GW/NW-005,8,333215898.0
Tryfan,53.1149,-3.99749,GW/NW-006,8,29580544.0
Aran Fawddwy,52.78702,-3.68786,GW/NW-007,8,29750079.0
Y Lliwedd,53.05948,-4.05705,GW/NW-008,8,333563693.0
Cadair Idris - Penygadair,52.69962,-3.90878,GW/NW-009,8,4079553118.0
Moel Siabod,53.07318,-3.93407,GW/NW-010,8,
Arenig Fawr,52.91711,-3.74594,GW/NW-011,8,
Cadair Berwyn,52.8806,-3.38099,GW/NW-012,8,3784353903.0
Pen Llithrig y Wrach,53.14226,-3.92075,GW/NW-013,6,340243624.0
Moel Hebog,53.00069,-4.1396,GW/NW-014,6,3465653980.0
Glasgwm,52.76015,-3.72528,GW/NW-015,6,29748306.0
Moelwyn Mawr,52.98425,-4.00014,GW/NW-016,6,1403197099.0
Y Llethr,52.81285,-3.98763,GW/NW-017,6,29759802.0
Moel Llyfnant,52.90085,-3.77318,GW/NW-018,6,29762083.0
Yr Aran,53.04277,-4.08318,GW/NW-019,6,290246980.0
Craig Cwm Silyn,53.0293,-4.20007,GW/NW-020,6,333195205.0
Rhobell Fawr,52.81484,-3.80155,GW/NW-021,6,29759809.0
Moel Eilio,53.09705,-4.15839,GW/NW-022,6,272488766.0
Rhinog Fawr,52.84181,-3.99544,GW/NW-023,6,29761763.0
Trum y Ddysgl,53.04221,-4.17197,GW/NW-024,6,205377034.0
Allt-fawr,53.00819,-3.96623,GW/NW-025,4,3300193289.0
Mynydd Mawr,53.06946,-4.18098,GW/NW-026,4,335172792.0
Arenig Fach,52.95869,-3.75771,GW/NW-027,4,371778081.0
Creigiau Gleision,53.1358,-3.90136,GW/NW-028,4,340243634.0
Maesglase,52.72,-3.75249,GW/NW-029,4,29747303.0
Moel Cynghorion,53.08598,-4.1126,GW/NW-030,4,333563000.0
Esgeiriau Gwynion,52.79866,-3.64889,GW/NW-031,4,3327839844.0
Carnedd y Filiast,52.98678,-3.68302,GW/NW-032,4,29778776.0
Tarren y Gesail,52.6354,-3.90713,GW/NW-033,4,
Foel Cedig,52.84282,-3.51331,GW/NW-034,4,3370629561.0
Manod Mawr,52.9841,-3.90156,GW/NW-035,4,11077172689.0
Tarrenhendre,52.61913,-3.94712,GW/NW-036,4,29738957.0
Y Garn,52.78918,-3.92517,GW/NW-037,4,29749333.0
Moel Ysgyfarnogod,52.89199,-3.99559,GW/NW-038,4,29761888.0
Foel Goch,52.96776,-3.55923,GW/NW-039,4,29778902.0
Tal y Fan,53.23563,-3.90524,GW/NW-040,4,8746816844.0
Moelfre,52.80132,-4.03924,GW/NW-041,2,29759797.0
Moel y Gamelin,53.00961,-3.22904,GW/NW-042,2,1860791433.0
Cyrn-y-Brain,53.03135,-3.18216,GW/NW-043,2,1089144202.0
Moel Famau,53.15456,-3.25578,GW/NW-044,2,279947153.0
Moel-ddu,52.97637,-4.11685,GW/NW-045,2,
Rhialgwm,52.77984,-3.40255,GW/NW-046,2,29750177.0
Mwdwl-eithin,53.07274,-3.61779,GW/NW-047,2,3390340682.0
Mynydd Nodol,52.93945,-3.69017,GW/NW-048,2,29763536.0
Gyrn Moelfre,52.85577,-3.21266,GW/NW-049,2,29760638.0
Gyrn Ddu,52.99448,-4.3837,GW/NW-050,2,1528106163.0
Foel Fenlli,53.13131,-3.24971,GW/NW-051,2,380771902.0
Craig Goch - Mynydd Cwmcelli,52.67408,-3.76945,GW/NW-052,1,29739633.0
Moel Gyw,53.10864,-3.23907,GW/NW-053,1,286510563.0
Penycloddiau,53.2009,-3.30815,GW/NW-054,1,2818166722.0
Foel Offrwm,52.77198,-3.85457,GW/NW-055,1,3299590273.0
Moel y Dyniewyd,53.00892,-4.0692,GW/NW-056,1,2807631670.0
Foel Cae'rberllan,52.65541,-3.95839,GW/NW-057,1,29739682.0
Carn Fadryn,52.88649,-4.55985,GW/NW-058,1,1527138452.0
Allt y Main,52.72745,-3.24216,GW/NW-059,1,3470496631.0
Mynydd-y-briw,52.82582,-3.22729,GW/NW-060,1,3470475648.0
Y Golfa,52.65535,-3.20997,GW/NW-061,1,3495186857.0
Hope Mountain,53.10455,-3.05485,GW/NW-062,1,3439353526.0
Ffridd Cocyn,52.61892,-4.03317,GW/NW-063,1,3469999601.0
Mynydd Rhiw,52.83283,-4.63121,GW/NW-064,1,1831391929.0
Gamallt,52.64214,-3.97373,GW/NW-065,1,3470001142.0
Garn Boduan,52.92496,-4.5124,GW/NW-066,1,1527138435.0
Moel-y-Gest,52.92778,-4.15968,GW/NW-067,1,3289824066.0
Carneddol,52.86847,-4.52536,GW/NW-068,1,3528163498.0
Holyhead Mountain - Mynydd Twr,53.31341,-4.67557,GW/NW-069,1,3294985506.0
Great Orme - Y Gogarth,53.33254,-3.85228,GW/NW-070,1,331573435.0
Mynydd Bodafon - Yr Arwydd,53.34356,-4.29602,GW/NW-071,1,567353446.0
Mynydd Enlli,52.76231,-4.78311,GW/NW-072,1,281694932.0
Mynydd Rhyd Ddu,53.01861,-3.41086,GW/NW-073,1,334520882.0
Moel Fynydd - Craig y Castell,52.72773,-3.92978,GW/NW-074,1,10309405840.0
Yr Eifl,52.97505,-4.43659,GW/NW-075,2,319001802.0
Mynydd y Cwm - Coed Cwm,53.27945,-3.3917,GW/NW-076,1,2780646452.0
Mynydd Anelog,52.81077,-4.74344,GW/NW-077,1,1526968488.0
Rhinog Fach,52.82417,-3.98295,GW/NW-078,6,324163642.0
Pen y Fan,51.88403,-3.43676,GW/SW-001,8,
Waun Fach,51.96279,-3.14319,GW/SW-002,8,299513005.0
Fan Brycheiniog - Twr y Fan Foel,51.88467,-3.70956,GW/SW-003,8,
Waun Rydd,51.87646,-3.36383,GW/SW-004,6,3526084431.0
Fan Fawr,51.86332,-3.49741,GW/SW-005,6,1537344492.0
Fan Gyhirych,51.8594,-3.62699,GW/SW-006,6,1537168633.0
Fan Nedd,51.85366,-3.57919,GW/SW-007,4,1537168632.0
Cefn yr Ystrad,51.81474,-3.32594,GW/SW-008,4,2006182745.0
Mynydd Troed,51.9553,-3.21554,GW/SW-009,4,3278659568.0
Craig y Llyn,51.71642,-3.58377,GW/SW-010,4,3428629785.0
Sugar Loaf - Y Fal,51.86271,-3.05787,GW/SW-011,2,244018898.0
Coety Mountain - Mynydd Coety,51.76531,-3.11489,GW/SW-012,2,3342973429.0
Tor y Foel,51.86697,-3.28738,GW/SW-013,2,1545868470.0
Mynydd Carn-y-cefn,51.76923,-3.17933,GW/SW-014,2,3613074522.0
Mynydd Llangorse,51.93244,-3.22409,GW/SW-015,2,3295141240.0
Ysgyryd Fawr,51.85907,-2.97261,GW/SW-016,1,291437459.0
Hirfynydd,51.75456,-3.68002,GW/SW-017,1,
Mynydd Epynt,52.10641,-3.51813,GW/SW-018,1,
Mynydd Maen - Mynydd Twyn-glas,51.67448,-3.07158,GW/SW-019,1,2858982019.0
Graig Syfyrddin - Edmund's Tump,51.88496,-2.86747,GW/SW-020,1,255693811.0
Mynydd Marchywel,51.71907,-3.7846,GW/SW-021,1,
Trichrug,51.88964,-3.89205,GW/SW-022,1,1818237126.0
Allt yr Esgair,51.91086,-3.27181,GW/SW-023,1,
Mynydd y Lan,51.6243,-3.14402,GW/SW-024,1,2858991233.0
Cefn Eglwysilan,51.60612,-3.30521,GW/SW-025,1,496921758.0
Bryn Arw,51.88046,-3.01609,GW/SW-026,1,3922085061.0
Mynydd y Glyn,51.59727,-3.39907,GW/SW-027,1,129955043.0
Mynydd y Betws,51.76805,-3.93651,GW/SW-028,1,3428712670.0
Foel Fynyddau,51.62802,-3.75986,GW/SW-029,1,272803050.0
Mynydd Machen,51.60358,-3.12216,GW/SW-030,1,471303397.0
Mynydd Uchaf,51.77667,-3.86305,GW/SW-031,1,1284440214.0
Mynydd Allt-y-grug,51.75798,-3.80773,GW/SW-032,1,
Wentwood,51.64448,-2.85218,GW/SW-033,1,3428722345.0
Garth Hill - Mynydd y Garth,51.54325,-3.29433,GW/SW-034,1,341288639.0
Myarth,51.87991,-3.20578,GW/SW-035,1,8792845364.0
Mynydd Sylen,51.75105,-4.15221,GW/SW-036,1,3001358179.0
Craig yr Allt,51.55774,-3.25158,GW/SW-037,1,2869029513.0
Mynydd Drumau,51.68583,-3.84576,GW/SW-038,1,3598802971.0
Mynydd Llangyndeyrn,51.79742,-4.20224,GW/SW-039,1,
Mynydd Dinas,51.60894,-3.79004,GW/SW-040,1,272806618.0
Black Mountain,52.01188,-3.08659,GW/SW-041,6,7821106543.0
